source_revision,source_path,size_bytes,sha256,archive_disposition
e33d5cc55be01f800a7cf055cc1793d982deb5bc,.gitattributes,76,f4d8c754fa79596bdfa0aab9094041c047b536624eef01280bf443a0d1280e9c,HISTORICAL_NON_RUNTIME
e33d5cc55be01f800a7cf055cc1793d982deb5bc,.gitignore,184,b952ac5310f09dc6ed2ea57df5e7cde5b7d1ae479111b1137dcda2b2453b4c4a,HISTORICAL_NON_RUNTIME
e33d5cc55be01f800a7cf055cc1793d982deb5bc,Design doc (v0)_ Crystal Structure Retrieval Database + RAG Interface (post-QLIP).docx,223807,c11e199fa35993e440c626075d0c449292f3598cd72c368480cafe53e269273a,HISTORICAL_NON_RUNTIME
e33d5cc55be01f800a7cf055cc1793d982deb5bc,EVAL_PROTOCOL.md,1606,0aeb84d8c3270fa3190ac0708304a2201b9af80d042c790eebfdefd99c9af905,RESTORED
e33d5cc55be01f800a7cf055cc1793d982deb5bc,LEGAL_DATA_POLICY.md,1740,73daeb5c9590ab8568c9f3ea987e353f3cfe29c3272205b841467163d5fe83b1,RESTORED
e33d5cc55be01f800a7cf055cc1793d982deb5bc,Milestone pack (one doc per phase).docx,223413,04d992f660bc8a6d7c428ed8c1138a5a96ee188feef0a8922d2a6d4ad57fcc46,HISTORICAL_NON_RUNTIME
e33d5cc55be01f800a7cf055cc1793d982deb5bc,SKILL.md,10260,2c752cd512602b1614cf0b715ce985edfdb8a3986a7bcab8b15de5e55e117840,HISTORICAL_NON_RUNTIME
e33d5cc55be01f800a7cf055cc1793d982deb5bc,Visualise.py,9972,f49f2480cb1d5af7563dd1efe75d18384192edd80a9c58cab047548c42a3833c,RESTORED
e33d5cc55be01f800a7cf055cc1793d982deb5bc,artifacts/CRYSTALDB_CORPUS_BUILD_WORKFLOW.json,4271,dfbcedb8c750d14456dfd62269d84f37a57ddbc48dd1ad77303ccf9648594655,HISTORICAL_NON_RUNTIME
e33d5cc55be01f800a7cf055cc1793d982deb5bc,artifacts/CRYSTALDB_CORPUS_BUILD_WORKFLOW.md,7101,67874fe97e87e04bc6c692dbec7978925ee3ca07f816b472853181a6b306e7b6,HISTORICAL_NON_RUNTIME
e33d5cc55be01f800a7cf055cc1793d982deb5bc,artifacts/PAPER_CORPUS_BUILD_RECIPES.json,1916,0ae6d7fa97cb9ca4058960e5d8cde4735a9c07ac674a19a0b5b20b750894c741,HISTORICAL_NON_RUNTIME
e33d5cc55be01f800a7cf055cc1793d982deb5bc,artifacts/PAPER_CORPUS_BUILD_RECIPES.md,4490,5789e2f3d606465950189aaa01177fcdf6b6ae8bb519a06a7634bf9c4aa6b8fb,HISTORICAL_NON_RUNTIME
e33d5cc55be01f800a7cf055cc1793d982deb5bc,artifacts/PAPER_EXPERIMENT_3_CORPUS_BUILD_REPORT.json,1321,595cb7d8fd28fe11960e9747c2673e5d3c42935a21a5a63033e4c383506ea1fd,HISTORICAL_NON_RUNTIME
e33d5cc55be01f800a7cf055cc1793d982deb5bc,artifacts/PAPER_EXPERIMENT_3_CORPUS_BUILD_REPORT.md,996,90d854c159aafc4fbede32118a91110c810f774048654661b76815c1822dd52b,HISTORICAL_NON_RUNTIME
e33d5cc55be01f800a7cf055cc1793d982deb5bc,artifacts/PAPER_EXPERIMENT_3_CORPUS_DESIGN.json,1064,3976885e9c31c82fc02877c51659a35180b8f19dcde1ae3bcd3ee32c6f4be101,HISTORICAL_NON_RUNTIME
e33d5cc55be01f800a7cf055cc1793d982deb5bc,artifacts/PAPER_EXPERIMENT_3_CORPUS_DESIGN.md,1923,e8b02a2c96e7cca33e196789e8e78cc1ab685a1bb163da09d32525360e5d96ae,HISTORICAL_NON_RUNTIME
e33d5cc55be01f800a7cf055cc1793d982deb5bc,artifacts/PAPER_EXPERIMENT_3_REPRODUCTION.md,1532,a9ce7cf92a9f0d2732f9299dc7a64a231436ef1c4ee1e1062051886f4364c762,HISTORICAL_NON_RUNTIME
e33d5cc55be01f800a7cf055cc1793d982deb5bc,artifacts/PAPER_ORBIT_SCAFFOLD_CAPABILITY_AUDIT.csv,8414,0375ca6cc84321f565bd3d1667d3a050dfc0b985a732209f91112530bc67c809,HISTORICAL_NON_RUNTIME
e33d5cc55be01f800a7cf055cc1793d982deb5bc,artifacts/PAPER_ORBIT_SCAFFOLD_CAPABILITY_AUDIT.json,75351,f87e56b87e061115ae5ea9e2f5d287c9bbcb4804d70cce9216fcce844cd6e23f,HISTORICAL_NON_RUNTIME
e33d5cc55be01f800a7cf055cc1793d982deb5bc,artifacts/PAPER_ORBIT_SCAFFOLD_CAPABILITY_AUDIT.md,12833,4bb1e4798e818e574794b6cb0f00dfd4ec8714820cd223bf3dfae40e06c62439,HISTORICAL_NON_RUNTIME
e33d5cc55be01f800a7cf055cc1793d982deb5bc,artifacts/PAPER_RESULT_EXPANDED_CORPUS_RECOMMENDATIONS.json,7495,2720bc44b58c499399934e94e406878a9a78240173ea924e08d2f8c1c8444bfd,HISTORICAL_NON_RUNTIME
e33d5cc55be01f800a7cf055cc1793d982deb5bc,artifacts/PAPER_RESULT_EXPANDED_CORPUS_RECOMMENDATIONS.md,5974,be1dd534226fc2414d8e8a186ac7ae13bab36a82a4d4aa95f61be13d87828578,HISTORICAL_NON_RUNTIME
e33d5cc55be01f800a7cf055cc1793d982deb5bc,artifacts/PAPER_RESULT_FAILURE_AND_COVERAGE_AUDIT.csv,13988,3d34f23f8bee122e788740ee6cbbfcb8558ed12505c6b39ebb02bf9999597156,HISTORICAL_NON_RUNTIME
e33d5cc55be01f800a7cf055cc1793d982deb5bc,artifacts/PAPER_RESULT_FAILURE_AND_COVERAGE_AUDIT.json,49268,bfad8dca19f62211b2a0a24fd39e7eb99007ba20c2247bec806f8a03bcf64c06,HISTORICAL_NON_RUNTIME
e33d5cc55be01f800a7cf055cc1793d982deb5bc,artifacts/PAPER_RESULT_FAILURE_AND_COVERAGE_AUDIT.md,19542,4548a6ee9c72457fe646ef1a9dbb9143fe275cad743b55f6f6630602c5629c30,HISTORICAL_NON_RUNTIME
e33d5cc55be01f800a7cf055cc1793d982deb5bc,artifacts/PAPER_TARGET_CAPABILITY_MATRIX.csv,8573,c00e0876e561354548717508f1cc9329b35e89c4e3a23a83892a9c9a48c52faf,HISTORICAL_NON_RUNTIME
e33d5cc55be01f800a7cf055cc1793d982deb5bc,artifacts/PAPER_TARGET_CAPABILITY_MATRIX.json,39784,662f3343db317718cb8fc7b0e2742e826549c1368ea48aede3af3a94e2ca5a49,HISTORICAL_NON_RUNTIME
e33d5cc55be01f800a7cf055cc1793d982deb5bc,artifacts/PAPER_TARGET_CAPABILITY_MATRIX.md,10098,819e00a9c4198733df15a7ea9f29a98ccc2d44cb99ed0921652bf5395a724aa0,HISTORICAL_NON_RUNTIME
e33d5cc55be01f800a7cf055cc1793d982deb5bc,artifacts/PAPER_TASK_NEXT_ACTION_DECISION.json,10771,42aba120513b9b9198cbcbd5050d23e2f2cd7fc2fec1f2e396a9dd1ab41114b2,HISTORICAL_NON_RUNTIME
e33d5cc55be01f800a7cf055cc1793d982deb5bc,artifacts/PAPER_TASK_NEXT_ACTION_DECISION.md,4973,6a5af290f49f4fe4bf79971006c4e4f3eb226910f6245c08989b4d0eac166261,HISTORICAL_NON_RUNTIME
e33d5cc55be01f800a7cf055cc1793d982deb5bc,artifacts/crystaldb_dataset_inventory.json,9798,5f2b13525a72d23ac69593d823cf21e3bfc31c2af5e2fc850db130ae3d919f6c,HISTORICAL_NON_RUNTIME
e33d5cc55be01f800a7cf055cc1793d982deb5bc,artifacts/crystaldb_dataset_inventory.md,1100,a3e067f2f9a7bade25059a507d59eda4327d1e1f3216ac4c1dec033cd076a8b5,HISTORICAL_NON_RUNTIME
e33d5cc55be01f800a7cf055cc1793d982deb5bc,artifacts/crystaldb_property_audit.json,6523,920aba737134a8855aa1f21b7332934ed7f2bdf0218ca12dec6a242ee4577337,HISTORICAL_NON_RUNTIME
e33d5cc55be01f800a7cf055cc1793d982deb5bc,artifacts/material_capability_audit.json,12365568,ae3d68290200fc8b8b916014dc7234ebfec1bab701f8c3fc475cbda143d9ad91,HISTORICAL_NON_RUNTIME
e33d5cc55be01f800a7cf055cc1793d982deb5bc,artifacts/material_test_candidate_audit.json,414306,daf24efad6e0ebad661d2e5d9ef77df22d9854ea82b81c57f0f8b742c5400d7a,HISTORICAL_NON_RUNTIME
e33d5cc55be01f800a7cf055cc1793d982deb5bc,artifacts/nasicon_finalisation/CAPTION_FALLBACK_DETERMINISM_REPORT.md,1036,463b246555f99b46cf61ad7cf8817d3cc7ef4340bcaafef3ca69689c8ca28fa8,HISTORICAL_NON_RUNTIME
e33d5cc55be01f800a7cf055cc1793d982deb5bc,artifacts/nasicon_finalisation/CAPTION_FALLBACK_FAILURE_REPRODUCTION.md,2046,929ce22465aa9f15ff6f168b389ae99a15cbcc7e010a7128ca34b538dba61559,HISTORICAL_NON_RUNTIME
e33d5cc55be01f800a7cf055cc1793d982deb5bc,artifacts/nasicon_finalisation/CRYSTAL_DB_ENVIRONMENT_DIFF.md,1060,a6d405450ad0613cbed0f810ed334a19367239a63b5d9711359fbf67fa8f0bb3,HISTORICAL_NON_RUNTIME
e33d5cc55be01f800a7cf055cc1793d982deb5bc,artifacts/nasicon_finalisation/CRYSTAL_DB_ENVIRONMENT_DIFF.txt,1514,42611abc44559f46a3b5a463bd04bb1a131d09afef74c6cd85834560b8dda223,HISTORICAL_NON_RUNTIME
e33d5cc55be01f800a7cf055cc1793d982deb5bc,artifacts/nasicon_finalisation/CRYSTAL_DB_FULL_SUITE_REPAIRED_REPORT.md,1686,71dc5b8f2a52fc83e6ae837c72534d197ac757509b67d5d69076b16a82c4c8c1,HISTORICAL_NON_RUNTIME
e33d5cc55be01f800a7cf055cc1793d982deb5bc,artifacts/nasicon_finalisation/CRYSTAL_DB_FULL_SUITE_REPORT.md,735,f4b103569a44e66f13ab1e6d5968dd95e6ec15f312260ddcfb99f08777e1fc39,HISTORICAL_NON_RUNTIME
e33d5cc55be01f800a7cf055cc1793d982deb5bc,artifacts/nasicon_finalisation/caption_fallback_isolated_reproduction.txt,26738,cf1e788a5841038637d115b6ac0e38ffa3aa63a39551452d3fad0038746feb18,HISTORICAL_NON_RUNTIME
e33d5cc55be01f800a7cf055cc1793d982deb5bc,artifacts/nasicon_finalisation/crystal_db_full_suite.txt,1648,2b4ec7e2dd0e8f472cf1a5515287165642dc278e31a23f1a722bf49c2968e167,HISTORICAL_NON_RUNTIME
e33d5cc55be01f800a7cf055cc1793d982deb5bc,artifacts/nasicon_finalisation/crystal_db_full_suite.xml,16547,4e1c691b1354ee2e548cb2dd88cbc478b66d92e58a079db045962686b3c64976,HISTORICAL_NON_RUNTIME
e33d5cc55be01f800a7cf055cc1793d982deb5bc,artifacts/nasicon_finalisation/crystal_db_full_suite_final.txt,390,ebc17cd1771ae3cc98f577c3d772098adeb48b0c735b08a5a807f9de53cb9111,HISTORICAL_NON_RUNTIME
e33d5cc55be01f800a7cf055cc1793d982deb5bc,artifacts/nasicon_finalisation/crystal_db_full_suite_final.xml,16082,c522b280f21f0a695b3305585698639782e6b68b66198000fc4a93ed1e29e3d3,HISTORICAL_NON_RUNTIME
e33d5cc55be01f800a7cf055cc1793d982deb5bc,artifacts/nasicon_finalisation/crystal_db_full_suite_production_final.err.txt,0,e3b0c44298fc1c149afbf4c8996fb92427ae41e4649b934ca495991b7852b855,HISTORICAL_NON_RUNTIME
e33d5cc55be01f800a7cf055cc1793d982deb5bc,artifacts/nasicon_finalisation/crystal_db_full_suite_production_final.txt,2917,fa1928634a0b07c18f95ede4304d8a20dff2d4535f6b75936f19800c66a9394c,HISTORICAL_NON_RUNTIME
e33d5cc55be01f800a7cf055cc1793d982deb5bc,artifacts/nasicon_finalisation/crystal_db_full_suite_production_final.xml,17234,482c81a2663818311b08dbfd173cf6d866c737a527facd715e4e9bf04fcc7384,HISTORICAL_NON_RUNTIME
e33d5cc55be01f800a7cf055cc1793d982deb5bc,artifacts/nasicon_finalisation/crystal_db_full_suite_production_repaired.err.txt,0,e3b0c44298fc1c149afbf4c8996fb92427ae41e4649b934ca495991b7852b855,HISTORICAL_NON_RUNTIME
e33d5cc55be01f800a7cf055cc1793d982deb5bc,artifacts/nasicon_finalisation/crystal_db_full_suite_production_repaired.txt,181,44cd9f30bcde320cceac70d3c30233c8c4eca0f4a6ebe557c327471b233b8579,HISTORICAL_NON_RUNTIME
e33d5cc55be01f800a7cf055cc1793d982deb5bc,artifacts/nasicon_finalisation/crystal_db_full_suite_production_repaired.xml,16474,f05640db458e88e175de1c4899d58eee72b0c1eb04e769f011504c8d0bb62fd9,HISTORICAL_NON_RUNTIME
e33d5cc55be01f800a7cf055cc1793d982deb5bc,artifacts/paper_result_datasets_built.json,50412,09dc60506579a49d3665f76e9306ec0cbf448bba40fc1c21257359b8a404dd38,HISTORICAL_NON_RUNTIME
e33d5cc55be01f800a7cf055cc1793d982deb5bc,artifacts/paper_result_datasets_built.md,6257,6c5a0ac07456ad9ad7c606b3c7fd9ae4a448ac9cb2b3f4c74bd6611d34ef8511,HISTORICAL_NON_RUNTIME
e33d5cc55be01f800a7cf055cc1793d982deb5bc,artifacts/result_dataset_indexing_summary.json,2474,081a53e1d4debd15ea11d38b9eae8417f890f0f678ebe31f5a1ed220308761bf,HISTORICAL_NON_RUNTIME
e33d5cc55be01f800a7cf055cc1793d982deb5bc,artifacts/result_dataset_indexing_summary.md,683,ab075dc6e03f9f50dba48d075ae2b72ea653dd6b207188a9316f5492f4f8360e,HISTORICAL_NON_RUNTIME
e33d5cc55be01f800a7cf055cc1793d982deb5bc,artifacts/result_dataset_pot_coverage.json,14534,299d98dfd38f9fbc717f5e0f422ba2d52df68c2dfe892a29d2b571db353b6dd7,HISTORICAL_NON_RUNTIME
e33d5cc55be01f800a7cf055cc1793d982deb5bc,artifacts/result_dataset_pot_coverage.md,1605,75d20193a4742f2982ce14732a82a3172b130c14eed51856ca071bf4b85a629d,HISTORICAL_NON_RUNTIME
e33d5cc55be01f800a7cf055cc1793d982deb5bc,artifacts/result_dataset_solver_support.json,5797,e6fd7dccbbefb7d5680e22592137c13850a1037f2003c4f5373af312a7e75118,HISTORICAL_NON_RUNTIME
e33d5cc55be01f800a7cf055cc1793d982deb5bc,artifacts/result_dataset_solver_support.md,965,bac004e29af63843347f8e71b86a9ac72b5b24508a2e409e04da8e5e5b0193ea,HISTORICAL_NON_RUNTIME
e33d5cc55be01f800a7cf055cc1793d982deb5bc,artifacts/result_section_candidate_audit.json,37578,240b7f4c2468710c3f047d1c7abb9ec4e06bc9248c9a7926ed2496c4e507cef9,HISTORICAL_NON_RUNTIME
e33d5cc55be01f800a7cf055cc1793d982deb5bc,artifacts/result_section_candidate_audit.md,7413,7d5ab8c36bb4be5893f9abfb9de53676ba83d2096b824eba85640807a8049591,HISTORICAL_NON_RUNTIME
e33d5cc55be01f800a7cf055cc1793d982deb5bc,artifacts/skill_loop_smoke_suite.json,7387,5018bc4c16ed187fb3fb8489a2e5977ec41c890656826fcfc7e535d0530d8af2,HISTORICAL_NON_RUNTIME
e33d5cc55be01f800a7cf055cc1793d982deb5bc,bench_report_cold.json,960,12267f7a29f3a0f22f8aec71c2e737a789b496f35d14eb6911b8f8c362db29bf,HISTORICAL_NON_RUNTIME
e33d5cc55be01f800a7cf055cc1793d982deb5bc,bench_report_warm.json,960,0048881e4518197b25e9ad9a193acfb32f52e2403e0c6bc06664861511102623,HISTORICAL_NON_RUNTIME
e33d5cc55be01f800a7cf055cc1793d982deb5bc,benchmarks/retrieval/README.md,869,fffa4b73039df3d748f9cec91768f63773dcd0228cf2ee470f9b6d109131227c,RESTORED
e33d5cc55be01f800a7cf055cc1793d982deb5bc,benchmarks/retrieval/phase6_small.jsonl,2654,0a997f61d05bcc80d547eb1bafae767c3b6ce1702b98cd2653ea35e07cc4a0a2,RESTORED
e33d5cc55be01f800a7cf055cc1793d982deb5bc,benchmarks/retrieval/retrieval_defaults.json,257,0c3ca6ff19be4651fe6dfd3dfa134b4640515882e484803a4937e28a228598e6,RESTORED
e33d5cc55be01f800a7cf055cc1793d982deb5bc,benchmarks/retrieval/tiny_fixture.jsonl,394,560aba005b491907d4e5065ee5a57eddec6d69940f46dc054341d62b89cd7148,RESTORED
e33d5cc55be01f800a7cf055cc1793d982deb5bc,config.yaml,230,76066101adbd678a12f884e96cda14937830b6108e6016efa6318ada92ab6edf,RESTORED
e33d5cc55be01f800a7cf055cc1793d982deb5bc,configs/retrieval_defaults.json,243,b4bb5cda5c45f0fe0dad373cb08e527fb9b3951dedb2ca171d7816cfa8d1ada4,RESTORED
e33d5cc55be01f800a7cf055cc1793d982deb5bc,crystal_db.txt,1425099,eea248e3160701ebb6fbd83baf7db86253069bfa1481ab860581c283c0503ff7,HISTORICAL_NON_RUNTIME
e33d5cc55be01f800a7cf055cc1793d982deb5bc,crystal_db/__init__.py,632,15d39171b9b7a255760d554be4e4c54b8fd117f5f85a74b42c0883198b90cc3f,RESTORED
e33d5cc55be01f800a7cf055cc1793d982deb5bc,crystal_db/__main__.py,59960,6acb93ff4f05ebacb6eaceb85d104f427381a6e67f9bfeb5fe44ca796904b9bc,RESTORED
e33d5cc55be01f800a7cf055cc1793d982deb5bc,crystal_db/agent.py,8635,637aa4bc35d04c5fe4d1d9b0c5eca675b6bd4e5aaf703318f9e87da2a731186f,RESTORED
e33d5cc55be01f800a7cf055cc1793d982deb5bc,crystal_db/api.py,6756,51c7f316c1e43b0cb0cf1acdcf4a44ba5b3982f7b82293a5afc23341189b6d23,RESTORED
e33d5cc55be01f800a7cf055cc1793d982deb5bc,crystal_db/audit_log.py,12524,aca3de4d4fac8e770c7c6b542300ef6e76141e77177fcdd9a3336788d7519557,RESTORED
e33d5cc55be01f800a7cf055cc1793d982deb5bc,crystal_db/bench.py,4670,916324917b7bf7228e846934aa42da7552e34f3666a1049b8dbc184aff58de44,RESTORED
e33d5cc55be01f800a7cf055cc1793d982deb5bc,crystal_db/bench_retrieval.py,26784,8a6f3e5749cfdef87b4feaa540f945575a1d868c53877660a94ec2b2bdc9ddcb,RESTORED
e33d5cc55be01f800a7cf055cc1793d982deb5bc,crystal_db/benchmark_freeze.py,3818,4208208c4058f4d138d3276d68b520b65279f181af8157ddf3a881c47e411b78,RESTORED
e33d5cc55be01f800a7cf055cc1793d982deb5bc,crystal_db/calibrate.py,32204,b2fdfc997167147bfa47841fe228294916bce1dbe9fe7c88c62f29450dab7091,RESTORED
e33d5cc55be01f800a7cf055cc1793d982deb5bc,crystal_db/cases_tools.py,11239,ad3e70e124d25822dfd4754c3eeaaaf9a4366788bc4e564ef47912fd48a29b18,RESTORED
e33d5cc55be01f800a7cf055cc1793d982deb5bc,crystal_db/crystalcard.py,7576,354d8c10f304720a9e173f6ed8a9a4459997f8aea093f38bc6f8544b29415a1c,RESTORED
e33d5cc55be01f800a7cf055cc1793d982deb5bc,crystal_db/crystaldb_retrieval_pdf.py,8821,76fb2d19037d60223a62d0a404f7a4f5160061cbbcf042e5218b97750bfe8cd9,RESTORED
e33d5cc55be01f800a7cf055cc1793d982deb5bc,crystal_db/csp_pack.py,53120,c6f35439038a9bac526c51d710b23ce4aee6855774cff2cf413d249407d2d9d4,RESTORED
e33d5cc55be01f800a7cf055cc1793d982deb5bc,crystal_db/db.py,21483,5f7df217b7e8615908b08c1b0a68f36b8c62d1912f6891f676cff37ceffd7142,RESTORED
e33d5cc55be01f800a7cf055cc1793d982deb5bc,crystal_db/describe.py,4966,1d0c261b2a55c14f14e7e64e476c5249061e2fe929df43e7e68434bf78ed1b15,RESTORED
e33d5cc55be01f800a7cf055cc1793d982deb5bc,crystal_db/embeddings.py,18467,120d3fbafc5ba68ba94e47e5f9079daa72fd4eb2e6edb3cffed25f7550eaab98,RESTORED
e33d5cc55be01f800a7cf055cc1793d982deb5bc,crystal_db/eval.py,2484,7c16ac3d617ea2ce892e9aa9723cfb9337585e9faf7bd281315d3f1f7f38a396,RESTORED
e33d5cc55be01f800a7cf055cc1793d982deb5bc,crystal_db/export_run.py,1301,6cdd82a95ce37cf74dcf351272bbc1f5167951d300681c2d62fa2253c72b5a76,RESTORED
e33d5cc55be01f800a7cf055cc1793d982deb5bc,crystal_db/family_classification.py,8854,6b93c43c3ed5e4e33e8b2b8d3de6a5136d547e0398c5b462f423279e7442ce99,RESTORED
e33d5cc55be01f800a7cf055cc1793d982deb5bc,crystal_db/family_dataset.py,4507,ac033632bd2e23cdb7be55badc5feec93d70ea1e6ef74e5a60dfa5b99e9b6725,RESTORED
e33d5cc55be01f800a7cf055cc1793d982deb5bc,crystal_db/fingerprint.py,5523,47014a7f948d1d18fa35492e4f3eb780af666b0a59b087d72fa60ae450cbb3c1,RESTORED
e33d5cc55be01f800a7cf055cc1793d982deb5bc,crystal_db/gate.py,6504,b30960bd849d9864675bdfa906224cab8495c51444b59c52b6d947899c98c6f5,RESTORED
e33d5cc55be01f800a7cf055cc1793d982deb5bc,crystal_db/ingest.py,4014,ba913e1c57ef314e5fe2eb12c71708c6f164ebdb9760f8c8ae08ad7b42be023d,RESTORED
e33d5cc55be01f800a7cf055cc1793d982deb5bc,crystal_db/ingest_folder.py,4079,4ab9c1d5a6673c48f9e45abe8bb88d5d3a2819331df03ac28759005a2735ce42,RESTORED
e33d5cc55be01f800a7cf055cc1793d982deb5bc,crystal_db/novelty.py,11665,736e95988dd11db1d85a59f13e9d85cbe6482d999620648287043db816ebdb76,RESTORED
e33d5cc55be01f800a7cf055cc1793d982deb5bc,crystal_db/novelty_check.py,15190,b262df5a3fb31910bc997f51faa55de65bd5882fbc9caf82084261a419d6a7f3,RESTORED
e33d5cc55be01f800a7cf055cc1793d982deb5bc,crystal_db/ordered_family_classification.py,4930,7fa6fa36fb7b7fa33f3ec0aeb652a4e2f53152a279788d86f56242a1b808a392,RESTORED
e33d5cc55be01f800a7cf055cc1793d982deb5bc,crystal_db/ordered_validation.py,3277,50e784db49286738f05dd1fbfcd094e4506786d6ee42dd9e1a7bff7b2406e6da,RESTORED
e33d5cc55be01f800a7cf055cc1793d982deb5bc,crystal_db/phase2.py,4892,1af6ecbffdc675d56e69a345105da8cfb1e353640cd761f29940577e33f141ae,RESTORED
e33d5cc55be01f800a7cf055cc1793d982deb5bc,crystal_db/policy.py,2700,e9f893d1dcbb647811480d980a627bf46dc1b8c84cceb0b070c90f6da3625dc6,RESTORED
e33d5cc55be01f800a7cf055cc1793d982deb5bc,crystal_db/propose.py,9150,d7694ee488d91409919d9a7843a954e8c834de6fc4f78767ded5073ee0e74b2b,RESTORED
e33d5cc55be01f800a7cf055cc1793d982deb5bc,crystal_db/query.py,6380,d90f2d284b366d08de622f74dab38432fdfc1fafa9590f741b526be9c74a1428,RESTORED
e33d5cc55be01f800a7cf055cc1793d982deb5bc,crystal_db/query_cache.py,7830,327198cbebea7f3a8e3b021c24a4b9cbb09fb01b77d561633d259242688e62c4,RESTORED
e33d5cc55be01f800a7cf055cc1793d982deb5bc,crystal_db/readiness.py,13218,900cea0067e0a48b0f25ac82ed532ad4fee5757de0ee09dd474c122720e12d2b,RESTORED
e33d5cc55be01f800a7cf055cc1793d982deb5bc,crystal_db/report.py,17875,8887a6134c4d4f3d9c3cd2f411b8244bc36863967a5d3e4daa605b0eb991c0b4,RESTORED
e33d5cc55be01f800a7cf055cc1793d982deb5bc,crystal_db/reporting.py,198,34504ad7a49e7777433edb792c8c544eca022500802862d4f10ae91114c966d9,RESTORED
e33d5cc55be01f800a7cf055cc1793d982deb5bc,crystal_db/retrieval.py,37583,c2426310c93eb9a6fc46de4f717482bf771ba995e896de5fec3505d2e8cf4ae5,RESTORED
e33d5cc55be01f800a7cf055cc1793d982deb5bc,crystal_db/retrieval_config.py,1115,1cf74b19acf7d1f580deb6602c3e46ab2353c6991f1ef826aaf30877c6fbb728,RESTORED
e33d5cc55be01f800a7cf055cc1793d982deb5bc,crystal_db/runlog.py,8389,7b7115a25aba34791b812ffff7dd9750666207172ad3b023a5bf77821271e6b1,RESTORED
e33d5cc55be01f800a7cf055cc1793d982deb5bc,crystal_db/schema_validate.py,4134,f6fa9584bec4b7e97127d173b13ec4627ad3be01142d01e200315780d8a0cbaf,RESTORED
e33d5cc55be01f800a7cf055cc1793d982deb5bc,crystal_db/schemas/agent.v1.schema.json,802,1daa909760aa9d5b715e63d756dce3bf15596a48cdc2647adf8a754152606ab4,RESTORED
e33d5cc55be01f800a7cf055cc1793d982deb5bc,crystal_db/schemas/backend_status.v1.schema.json,1481,22786b457847ca29a651186801c81ac4dda8e2d5721d338951e151b88bd19138,RESTORED
e33d5cc55be01f800a7cf055cc1793d982deb5bc,crystal_db/schemas/bench_retrieval.v1.schema.json,2531,2f952f30cb28b85c0f48679f76cfd02d30fd6c9076c13c86a4b80779e0a8c343,RESTORED
e33d5cc55be01f800a7cf055cc1793d982deb5bc,crystal_db/schemas/calibration.v1.schema.json,773,2cc710bf5416cc48ae0734016d0bb78d602a484804c5df3ea1dcd146a5c6f873,RESTORED
e33d5cc55be01f800a7cf055cc1793d982deb5bc,crystal_db/schemas/cases_normalize.v1.schema.json,520,fc57e27dad9a6fae3d3d0a5601ec386937cc25e6e350a3f3d6d5c86534bf74c6,RESTORED
e33d5cc55be01f800a7cf055cc1793d982deb5bc,crystal_db/schemas/cases_sample.v1.schema.json,665,fb892a801b4c299415a82c68a1fe66b735d21d0d2467bfa472b1408c1eeabc57,RESTORED
e33d5cc55be01f800a7cf055cc1793d982deb5bc,crystal_db/schemas/crystalcard_v1.json,2043,df37ddfd01f77c1fe455765da230200040f0ea1cf0f70f199e2057870900a410,RESTORED
e33d5cc55be01f800a7cf055cc1793d982deb5bc,crystal_db/schemas/csp_pack.v1.schema.json,3810,7c8efd7cd403a63b25b074158d671bc7a1f2c6db30809eeb7cabab731d4a373e,RESTORED
e33d5cc55be01f800a7cf055cc1793d982deb5bc,crystal_db/schemas/gate_retrieval.v1.schema.json,1223,bafc3897ddd1ea4fc51f0b4796f7f69b191b531d1be0c112620f859d1e3ec026,RESTORED
e33d5cc55be01f800a7cf055cc1793d982deb5bc,crystal_db/schemas/novelty_check.v1.schema.json,2045,a6f12c3cb778ccca623d7fac626c0329a8f3b4cb0f3b3d7f61fa549a740e54ba,RESTORED
e33d5cc55be01f800a7cf055cc1793d982deb5bc,crystal_db/schemas/text_search.v1.schema.json,4597,2ab12e83a20f7da5e5de943a28d42480c06e613390afea2c5899418a12c931ad,RESTORED
e33d5cc55be01f800a7cf055cc1793d982deb5bc,crystal_db/sequence_index.py,7145,aa8bf08a8bdb86de587bca565b25ffdabcf09d0518b226609d87dc07a19b71b7,RESTORED
e33d5cc55be01f800a7cf055cc1793d982deb5bc,crystal_db/similarity.py,3913,ae2f520f7baefc935df5d7d4163ea6b56f5b5ceef10bd4d20bc3389b614c1337,RESTORED
e33d5cc55be01f800a7cf055cc1793d982deb5bc,crystal_db/snapshot.py,712,ae3a2d7c1183306ae99f742f96e86268ba0914c81a4d9e3253f044d05ed44212,RESTORED
e33d5cc55be01f800a7cf055cc1793d982deb5bc,crystal_db/text_index.py,33650,4d18b0e6b3e17a972d18b9d3cdf8296a8704ac5632ae70d4a4fcd282b0a75e31,RESTORED
e33d5cc55be01f800a7cf055cc1793d982deb5bc,crystal_db/textgen.py,9093,f01d9f91e824be0921be9d61fef88212363d8d009a1d1e9e55e09b629bf223b5,RESTORED
e33d5cc55be01f800a7cf055cc1793d982deb5bc,crystal_db/utils.py,3960,bd01d1b8b742900aef74ca1017ed0a66ab86d8cce3dad54685046405c2dc650c,RESTORED
e33d5cc55be01f800a7cf055cc1793d982deb5bc,crystaldb.egg-info/PKG-INFO,73,e18f113cc1b750ab5c041a7662a7b2f3238a4a5bb930fb12306daf051adf7b8b,HISTORICAL_NON_RUNTIME
e33d5cc55be01f800a7cf055cc1793d982deb5bc,crystaldb.egg-info/SOURCES.txt,1674,d65d2923945bc6a9cf5848500185942e9beaeb750251f19c38a52b134864c0ce,HISTORICAL_NON_RUNTIME
e33d5cc55be01f800a7cf055cc1793d982deb5bc,crystaldb.egg-info/dependency_links.txt,1,01ba4719c80b6fe911b091a7c05124b64eeece964e09c058ef8f9805daca546b,HISTORICAL_NON_RUNTIME
e33d5cc55be01f800a7cf055cc1793d982deb5bc,crystaldb.egg-info/top_level.txt,22,9b09cad5d8260cfa734355483272c4536f81693f0c27d4b47f290eaad7bd1c36,HISTORICAL_NON_RUNTIME
e33d5cc55be01f800a7cf055cc1793d982deb5bc,data/_bench_tmp.cif,210,2575311dfb368ea0372dce1623e02d3a1822493fde69a9294d9bbd08d74ee4c1,RESTORED
e33d5cc55be01f800a7cf055cc1793d982deb5bc,data/gold/README.md,328,6529ea970fe2d01cd926e570cb45b3feadce547e3577a25bd8e073f2e4fe1e79,RESTORED
e33d5cc55be01f800a7cf055cc1793d982deb5bc,data/gold/gold_expectations.json,494,109e5625468f01fe83ffe377f842a680072a9d20d72d75879dd3f3952d576fbd,RESTORED
e33d5cc55be01f800a7cf055cc1793d982deb5bc,data/gold/gold_li2o_p1.cif,202,b4e119e0347f1e355dc65bdc683bfcce717379232373b77e605be0224bb32077,RESTORED
e33d5cc55be01f800a7cf055cc1793d982deb5bc,data/gold/gold_mgo_p6.cif,201,6f99aa0d87ef2012ef889f8d468ca8751c582afc04c52b2f93b63fe5df5b7d79,RESTORED
e33d5cc55be01f800a7cf055cc1793d982deb5bc,data/gold/gold_nacl_p2.cif,202,8474fc60ba081eeffe324aabc5883a140e22d1388f0d612e3f3e74a07a141595,RESTORED
e33d5cc55be01f800a7cf055cc1793d982deb5bc,data/gold/gold_sio2_p4.cif,202,82eb8f6899ad0b10b6eba6acfb67d929042288301c83526695831c9a73533669,RESTORED
e33d5cc55be01f800a7cf055cc1793d982deb5bc,data/test.txt,1,2d711642b726b04401627ca9fbac32f5c8530fb1903cc4db02258717921a4881,RESTORED
e33d5cc55be01f800a7cf055cc1793d982deb5bc,demo_cifs/mp-01adc1cd.cif,2148,01adc1cdddfd7e8660626de1f3f4bec24c61aec6921041bc5378422391d89fd3,RESTORED
e33d5cc55be01f800a7cf055cc1793d982deb5bc,demo_cifs/mp-08ae18ac.cif,1021,08ae18ac6538895cba3a4a54b6d9806040710a64b06a00d4904aa8af27178279,RESTORED
e33d5cc55be01f800a7cf055cc1793d982deb5bc,demo_cifs/mp-0a7fd0c9.cif,901,0a7fd0c90f0938f1fd5586c0ab03a40ae72cf1ba4f6ef7cd998ea3ec7b82c2b1,RESTORED
e33d5cc55be01f800a7cf055cc1793d982deb5bc,demo_cifs/mp-11e9fc8b.cif,1655,11e9fc8be4d19f6b242296680be8ea9e2dd6e5ae365e5c83ea7c31f5953ef175,RESTORED
e33d5cc55be01f800a7cf055cc1793d982deb5bc,demo_cifs/mp-15e9ad38.cif,946,15e9ad38e9127e7db83e9c47dfe1b6fe332b1d21e422a8ded13cfc8fda4cad71,RESTORED
e33d5cc55be01f800a7cf055cc1793d982deb5bc,demo_cifs/mp-1a072b8b.cif,1252,1a072b8bf02c4b587636ac876f4e73bcdd17a07a36147447a7c2f19590bae723,RESTORED
e33d5cc55be01f800a7cf055cc1793d982deb5bc,demo_phase0.py,808,5951404488a6d3b8666de0927f57af9b337fa49f98e462c954b7ee4fa28aac2f,RESTORED
e33d5cc55be01f800a7cf055cc1793d982deb5bc,demo_phase1.py,1001,3c4d6372b410ea41a9a04e7630c79f19a649d72f3f51589be5ed687bbf9cdcb6,RESTORED
e33d5cc55be01f800a7cf055cc1793d982deb5bc,docs/PAPER_EXPERIMENTS.md,1012,863b9c525e571d906d340c4e3570f95d06615b633c8109c9f085b0c6ad761937,HISTORICAL_NON_RUNTIME
e33d5cc55be01f800a7cf055cc1793d982deb5bc,docs/PHASE_CHANGELOG.md,841,815d2b70752232f85fa2a08f7c597a710c2727cee97497b5f8bab49435b8434d,HISTORICAL_NON_RUNTIME
e33d5cc55be01f800a7cf055cc1793d982deb5bc,docs/REPO_EXPLAINED.md,21215,971ab4137f471ab71630b4a8d8e4922f025a0c772f420d9feeec98fe8d59130e,HISTORICAL_NON_RUNTIME
e33d5cc55be01f800a7cf055cc1793d982deb5bc,docs/SUPERCELL_VISUALISATION_POLICY.md,886,38d667749c4b57370f037550777a7825f97559006d0cab259a1e43fa2e35b41d,HISTORICAL_NON_RUNTIME
e33d5cc55be01f800a7cf055cc1793d982deb5bc,docs/crystal_DB_MCP_CONTRACT.md,4676,033e0d03eb32414103eb6bdee6c63e49436b4177935dfc7ad171ed4b8804a1b2,HISTORICAL_NON_RUNTIME
e33d5cc55be01f800a7cf055cc1793d982deb5bc,docs/crystaldb_property_audit.md,13593,eddefb4c14707798e96602e9ad0189f32b592373c5d87557c526911dd15594ed,HISTORICAL_NON_RUNTIME
e33d5cc55be01f800a7cf055cc1793d982deb5bc,docs/material_capability_audit.md,16537,05906eb737867b45ef4a3b7600f64336b63485e1d035c672e57a49cc65538f8b,HISTORICAL_NON_RUNTIME
e33d5cc55be01f800a7cf055cc1793d982deb5bc,docs/material_test_candidate_audit.md,7892,b0166fc0692723c2995a4a68ab8964d3f197d7f86492de2e096bab972e7b819d,HISTORICAL_NON_RUNTIME
e33d5cc55be01f800a7cf055cc1793d982deb5bc,eval_phase2.py,219,b2f3ec55d5aba93e9158470251961e7f8e9c38ac636de968651c4e9aa27d9937,RESTORED
e33d5cc55be01f800a7cf055cc1793d982deb5bc,eval_phase4.py,3631,21888e216a70b729cf06ae8045fe7d537db620a52190dc0eac3c12c1fde69a4e,RESTORED
e33d5cc55be01f800a7cf055cc1793d982deb5bc,eval_phase6.py,13026,60cd83a94bb3c7906511dfef53109add5b37d14f45de272075128573c4d15d6c,RESTORED
e33d5cc55be01f800a7cf055cc1793d982deb5bc,examples/api_demo.py,1578,5d95d593619b4ec27bdf3ca21fd1e96629079eff0a6ede2dbb86183f446d9cf9,RESTORED
e33d5cc55be01f800a7cf055cc1793d982deb5bc,grab_mp_bulk.py,7345,27fd4ee4d1c541e97a4a4e90fdcda3bba12c0caf7816f631f19752279306d152,RESTORED
e33d5cc55be01f800a7cf055cc1793d982deb5bc,mcp_server/README.md,1479,dd0b41c889517df2ca8834c8e8198ee88861df681ca0b6c9c819dfc8430fb34a,RESTORED
e33d5cc55be01f800a7cf055cc1793d982deb5bc,mcp_server/__init__.py,13,75ad4f4c2943325f88064ad2beae890b59674be2bf0404b30afc5584dc4de4bb,RESTORED
e33d5cc55be01f800a7cf055cc1793d982deb5bc,mcp_server/server.py,23548,874323d02af6b85ed6a915509954eca3821648b49bbf31d8404b3c88870e58c5,RESTORED
e33d5cc55be01f800a7cf055cc1793d982deb5bc,policies.yaml,724,029beeb86b59b4498394a6884ceb3ec47b2ea5d6fcc53151b629c11bc11cbcae,RESTORED
e33d5cc55be01f800a7cf055cc1793d982deb5bc,project_to_txt.py,14998,551fcd72127e73aaddbca7984db8ebca3130c0f9dccca82670443431cd3da943,HISTORICAL_NON_RUNTIME
e33d5cc55be01f800a7cf055cc1793d982deb5bc,pyproject.toml,234,03a8e48bb05e3ccce2487f5dcdf4b4347420209f28059918a11386234345a498,RESTORED
e33d5cc55be01f800a7cf055cc1793d982deb5bc,requirements-dev.txt,18,95c65f8d85a38153de4f29aad848d523c68c93c0c16639273ed87f129ab58755,RESTORED
e33d5cc55be01f800a7cf055cc1793d982deb5bc,scripts/acquire_paper_scaffolds_new_families.py,14341,fd5e5ec64a117650c62860ef53e521c277600e29995b6fb2210af5c556b3b808,RESTORED
e33d5cc55be01f800a7cf055cc1793d982deb5bc,scripts/audit_common_spp_contract.py,9369,cc4c3d901e12d8dffac788182d6589a26146a5630751d3dd146e19264ea22879,RESTORED
e33d5cc55be01f800a7cf055cc1793d982deb5bc,scripts/audit_material_capabilities.py,24518,2c2ff874442010c5a265e268ec233587aa867505d70f0131539bb3234cf3acc2,RESTORED
e33d5cc55be01f800a7cf055cc1793d982deb5bc,scripts/audit_material_test_candidates.py,34035,f72bd370af40eec0b124423854ebea4382b396bd65cebba419039c511d17a6b2,RESTORED
e33d5cc55be01f800a7cf055cc1793d982deb5bc,scripts/audit_nati2o4_workflow_trace.py,39099,34827e82e98b968279d72f8490b478606cb5e580507e1a2c845977cc567e2dea,RESTORED
e33d5cc55be01f800a7cf055cc1793d982deb5bc,scripts/audit_paper_scaffolds_specialist_corpora.py,44974,f29f0639d698c84e8b3e9170b15a2aa61e3526d8e0c1c3b0ead5c0651c305d66,RESTORED
e33d5cc55be01f800a7cf055cc1793d982deb5bc,scripts/audit_result_section_candidates.py,31155,e15e2e98653d767fd235743669c1c0728a54ec6215aa950b5c44530ed030bcdd,RESTORED
e33d5cc55be01f800a7cf055cc1793d982deb5bc,scripts/build_crystaldb_corpus.py,43737,75c2bb404ca9f50037016cbafd7da6a52f8a574dcace4ee4af8d0fd3cf3ae7f7,RESTORED
e33d5cc55be01f800a7cf055cc1793d982deb5bc,scripts/build_li2feo3_workflow_figure.py,40043,6db5c96223cf53ff5954bc67d96600d3a86630cc1e290d89683b914f17c0f76c,RESTORED
e33d5cc55be01f800a7cf055cc1793d982deb5bc,scripts/build_li2feo3_workflow_supercell_proper.py,17777,9a0f6e978ca9fc38f5a699c590d9cbdd4282e1bdc8ad08fb4e109f5ded939d36,RESTORED
e33d5cc55be01f800a7cf055cc1793d982deb5bc,scripts/build_mp_oxide_family_datasets.py,14711,a88b0f47004b8d0f7900fd3ff9728d7e351ae9a207c2ca0e88b952dbd870898b,RESTORED
e33d5cc55be01f800a7cf055cc1793d982deb5bc,scripts/build_nasicon_specialist_corpus.py,27002,8a24aecd0a3771a3dc1d91144f4eb759897fdd779a13c56afb72c22e23d63691,RESTORED
e33d5cc55be01f800a7cf055cc1793d982deb5bc,scripts/build_ordered_olivine_argyrodite_v2.py,36542,0005303e95a61767e370fc88778fd341404fc79c00ab7515e13e23212b24c759,RESTORED
e33d5cc55be01f800a7cf055cc1793d982deb5bc,scripts/build_paper_result_datasets_from_mp.py,41750,4e3510582900d6da784dbf048a87ae2555be9542b4500403e8f4c1d1b3e3ae37,RESTORED
e33d5cc55be01f800a7cf055cc1793d982deb5bc,scripts/build_paper_scaffolds_specialist_corpora.py,23504,d93c541f23ad7a677418f6129324d7ee87605c63649314da8407659ac43b752f,RESTORED
e33d5cc55be01f800a7cf055cc1793d982deb5bc,scripts/build_supercell_paper_figures.py,9756,c2d580536e8a3e9492b5f4f1f1219fe6feef34a9d69b3c6d0ad3923bff5729ea,RESTORED
e33d5cc55be01f800a7cf055cc1793d982deb5bc,scripts/freeze_mp_oxide_benchmark.py,3989,05933a7d78667a9205715a59285305cdc08b29e39ccfde87ffeeb9b6b7bd29da,RESTORED
e33d5cc55be01f800a7cf055cc1793d982deb5bc,scripts/freeze_mp_oxide_benchmark_final.py,5907,20d40587d6f6798f4856671439003c223b33674e6b0951f0317511bd16ed5cd1,RESTORED
e33d5cc55be01f800a7cf055cc1793d982deb5bc,scripts/freeze_mp_oxide_benchmark_spp_repaired.py,11091,2a78b3596c0bc6f2b70dbb61398027f401896d8d51b41cc475e7566bbc2ca1a4,RESTORED
e33d5cc55be01f800a7cf055cc1793d982deb5bc,scripts/ingest_sample.py,158,edd200179ea6bd5a00c2fa765e19accf6d3311e14f3e7993e164a19608219324,RESTORED
e33d5cc55be01f800a7cf055cc1793d982deb5bc,scripts/postprocess_spp_only_oxide_benchmark_v4.py,42511,f1c3d7a3ad572c424642f3d4460ed92e9007e1795ad8863d8198d56d368af717,RESTORED
e33d5cc55be01f800a7cf055cc1793d982deb5bc,scripts/render_spp_only_oxide_main_paper_figures.py,30240,34c074b0a5baa9644a54ff7a15acda8bfc96fbab392c0621590942dd667c123e,RESTORED
e33d5cc55be01f800a7cf055cc1793d982deb5bc,scripts/render_spp_only_oxide_workflow_figure_v2.py,29200,ad687d75aa3d0629b1a87950d84a2c6bc6bacd359b2999ccd9990dd5255bcdfd,RESTORED
e33d5cc55be01f800a7cf055cc1793d982deb5bc,scripts/validate_nasicon_demo_topology.py,985,a77a70d1d21db79be2a373a6c1549b94b5a73805a7e660dacba97db70170162b,RESTORED
e33d5cc55be01f800a7cf055cc1793d982deb5bc,scripts/version_mp_oxide_benchmark_taxonomy_fixed.py,6138,48bdfa0393a66fb53eb214c6d772029dacd40aa4316f3705d6d9ebc6d3eaae84,RESTORED
e33d5cc55be01f800a7cf055cc1793d982deb5bc,semantic_landscape_3d.png,1255877,ed485b9d64eca639dd43d133c853a97e248f477e7b26fd7d862e774806e67693,HISTORICAL_NON_RUNTIME
e33d5cc55be01f800a7cf055cc1793d982deb5bc,semantic_landscape_3d.svg,1693757,a24955ddc2583741174335984fcec2cd49b78d82198170a5f2468ef76d7d7b5a,HISTORICAL_NON_RUNTIME
e33d5cc55be01f800a7cf055cc1793d982deb5bc,semantic_landscape_front.png,1704627,6aaed4b6c567038f4080e270d059b8016a0000bf27b42fed48930ef20f5c9d01,HISTORICAL_NON_RUNTIME
e33d5cc55be01f800a7cf055cc1793d982deb5bc,semantic_landscape_front.svg,1799996,722d915a86778ffee5114c9311c437401ccd0523bee75aa40f6ffb8a55fd75bd,HISTORICAL_NON_RUNTIME
e33d5cc55be01f800a7cf055cc1793d982deb5bc,semantic_landscape_front_transparent.png,1582469,01695f1feea3f62a179f96b7c86a65cafafa9dcdcd17f85295fca9f939a694fb,HISTORICAL_NON_RUNTIME
e33d5cc55be01f800a7cf055cc1793d982deb5bc,tests/fixtures/crystaldb_retrieval/cifs/mp-batio3-demo-001.cif,188,d3a30af3bf6c6829846aef95118c200112c80911d1962464f2b0f023206d85e6,RESTORED
e33d5cc55be01f800a7cf055cc1793d982deb5bc,tests/fixtures/crystaldb_retrieval/cifs/mp-catio3-demo-002.cif,187,c7899de780ca7a78c948877155af944487e873f7ea19ba5ce40f8d7a654978a6,RESTORED
e33d5cc55be01f800a7cf055cc1793d982deb5bc,tests/fixtures/crystaldb_retrieval/neighbourhood_fixture.json,1577,02ca760659a38621e1cbd17af3b1753fd4af60bdb7b3df2f1815c56e661e7422,RESTORED
e33d5cc55be01f800a7cf055cc1793d982deb5bc,tests/fixtures/text_search_cli_sample.json,773,6c43d9dbe72fec2d88217094244d3c3bbffa5d33a798792211c252383029f23c,RESTORED
e33d5cc55be01f800a7cf055cc1793d982deb5bc,tests/test_acquire_paper_scaffolds_new_families.py,2211,1ff58d926e2181209a264a136be37fcd38a11b299d5997113057739afd72ff5e,RESTORED
e33d5cc55be01f800a7cf055cc1793d982deb5bc,tests/test_audit_paper_scaffolds_specialist_corpora.py,6366,125226e371c8ffae7130546515466440de15683e1fe5d150626d5040dc57d394,RESTORED
e33d5cc55be01f800a7cf055cc1793d982deb5bc,tests/test_bench_retrieval.py,10867,621513232b69daf9cd1b3c375e83441cc92e55f4d8588f8f835aca5c08cc6ab6,RESTORED
e33d5cc55be01f800a7cf055cc1793d982deb5bc,tests/test_benchmark_freeze.py,1660,0c21760a94d3534704024eed9275b0b687ef45602a926a55413f3560a3590a54,RESTORED
e33d5cc55be01f800a7cf055cc1793d982deb5bc,tests/test_build_crystaldb_corpus.py,9990,374b0ae8a23cf7335473465b68301c02ee6b6e1a6548586e39e68b4cf2cf6f48,RESTORED
e33d5cc55be01f800a7cf055cc1793d982deb5bc,tests/test_build_mp_oxide_family_datasets.py,2515,2c2140da2486093ae3893a549e6f7c568ee4b1cf98e7f91a8a6fb19831c408f4,RESTORED
e33d5cc55be01f800a7cf055cc1793d982deb5bc,tests/test_build_nasicon_specialist_corpus.py,1566,cd37888bd294bb23ad29c28c85fcb68594a975dca632ef339cd1bead4dceb0a7,RESTORED
e33d5cc55be01f800a7cf055cc1793d982deb5bc,tests/test_build_ordered_olivine_argyrodite_v2.py,3815,6815cc6a4ef631073669c0b1df7d031b615a1d90adac1ecaabddb657c7fc207a,RESTORED
e33d5cc55be01f800a7cf055cc1793d982deb5bc,tests/test_build_paper_result_datasets_from_mp.py,3805,393cdb13281d7e1ca66a573c48b2cdba7d78c6446fc6e51834a9a2260de58558,RESTORED
e33d5cc55be01f800a7cf055cc1793d982deb5bc,tests/test_build_paper_scaffolds_specialist_corpora.py,2803,fa1e68e2b797eb1cc8a9e7aca835a335d3affe4a23560921658bcf08842ed37c,RESTORED
e33d5cc55be01f800a7cf055cc1793d982deb5bc,tests/test_calibrate_cache.py,13703,0230bf6927308d517d051321006f93e4ff12cc52a340f5cd9166d1335b35ae56,RESTORED
e33d5cc55be01f800a7cf055cc1793d982deb5bc,tests/test_calibration.py,5041,ecc03c8d52996eb519cc793dabb4b1a1eda033acf5b11e56e3713a9f7cd547f1,RESTORED
e33d5cc55be01f800a7cf055cc1793d982deb5bc,tests/test_cases_tools.py,10106,f28340fa299d70d098741bbd6ef6a188c8089e99c321ec41848c34c27844040c,RESTORED
e33d5cc55be01f800a7cf055cc1793d982deb5bc,tests/test_config_defaults.py,5311,a66eb06a646693bd3f844e860d32a3df65f5f089d7c0d9c270ee5ce0a34a3d97,RESTORED
e33d5cc55be01f800a7cf055cc1793d982deb5bc,tests/test_contracts_api.py,6531,7e7a7389023ce150ef8a9b3e7f7f306487a34fd51c40c2e89c6217f105949e0b,RESTORED
e33d5cc55be01f800a7cf055cc1793d982deb5bc,tests/test_crystaldb_retrieval_pdf.py,2158,e942efd5d8e66bd6a0217bd54d8ecf1883873e7672101f400d66a948b3e10004,RESTORED
e33d5cc55be01f800a7cf055cc1793d982deb5bc,tests/test_csp_pack.py,9138,4708ad8de56a9c8f4fddc7504b373b6c656ec73da26f2b47907a437775bdcb5b,RESTORED
e33d5cc55be01f800a7cf055cc1793d982deb5bc,tests/test_csp_pack_reports_missing_index_or_backend_not_ready_truthfully.py,2692,6ca99402f912a588d1d313f8c81d6828d182b067db88446a73e74d18c0d76cdf,RESTORED
e33d5cc55be01f800a7cf055cc1793d982deb5bc,tests/test_csp_pack_semantic_chemistry_selection.py,11526,b165e9231cf33697b5e476785410806164402278d0f29a7fd8bee26d8ef52592,RESTORED
e33d5cc55be01f800a7cf055cc1793d982deb5bc,tests/test_distinct_queries_return_nonempty_results_when_backend_seeded.py,3065,c50352dc7d0d539b70b01eeff55b2b53bbc0059c1ac7193421962cbc32d53f86,RESTORED
e33d5cc55be01f800a7cf055cc1793d982deb5bc,tests/test_embedding_chunking.py,8153,2987011837bc986eac8997221cfca5a7e5c628162942f99a73f5beb7b94ca575,RESTORED
e33d5cc55be01f800a7cf055cc1793d982deb5bc,tests/test_empty_result_on_healthy_backend_is_distinct_from_not_ready.py,3324,8125f65083cfa57fcfce9b94e11d95de323eb7f15533cce1523b83d07ff8c9e6,RESTORED
e33d5cc55be01f800a7cf055cc1793d982deb5bc,tests/test_family_classification.py,2698,92af8ab6d7e12e2daf20e6d8dedf3f59853ac7716e158084558eff9a6631f72a,RESTORED
e33d5cc55be01f800a7cf055cc1793d982deb5bc,tests/test_family_dataset.py,1934,5ed7806ab5a691075e1dd393ed44d5bdf90cbf00547dad6b786fbb5613379651,RESTORED
e33d5cc55be01f800a7cf055cc1793d982deb5bc,tests/test_gate_retrieval.py,4010,8b5d854f2692cbd019df8bc5f0895727d85a9a566ebf77521f2566ff58fe686f,RESTORED
e33d5cc55be01f800a7cf055cc1793d982deb5bc,tests/test_health_or_status_reports_backend_readiness.py,2952,f8862b1e6906b358ae2bdb3d6199ceb8049bd99b77f94527e5269128590fbc68,RESTORED
e33d5cc55be01f800a7cf055cc1793d982deb5bc,tests/test_mcp_server.py,7815,38f08cb623fdb2836f1a73243e3bc5c868a62749265e2070242b208f8ee8e162,RESTORED
e33d5cc55be01f800a7cf055cc1793d982deb5bc,tests/test_ordered_family_classification.py,3325,66fc7385c32c8370b30ec9db2e8e0ca182cde3d54a2916a3a00c5c98214844a0,RESTORED
e33d5cc55be01f800a7cf055cc1793d982deb5bc,tests/test_ordered_validation.py,1678,c839743508610320a54c32a873d6d4d6d9c12d7fc556958d09063424b7a16758,RESTORED
e33d5cc55be01f800a7cf055cc1793d982deb5bc,tests/test_phase1.py,2620,07c2882f0f3ee692696094e873d867e19a67ab5e4adc1b9a16bf96c29cfce4d9,RESTORED
e33d5cc55be01f800a7cf055cc1793d982deb5bc,tests/test_phase2.py,1223,64e57baf0dfd8862140e5801e94ede3bd2e1231c4f7436fdce76c43a1b9ad799,RESTORED
e33d5cc55be01f800a7cf055cc1793d982deb5bc,tests/test_phase2_commands.py,9519,d2770bde72fb1e95f32202f5e37377136234d01a78351500375d574baa10e56b,RESTORED
e33d5cc55be01f800a7cf055cc1793d982deb5bc,tests/test_phase3.py,4639,ffbd764387ae56982cb89aae24675ba8a12ccba21fb3d42579877f5c4c3b4457,RESTORED
e33d5cc55be01f800a7cf055cc1793d982deb5bc,tests/test_phase3_text_views.py,12492,4881903f459f9f8bc4c53796110da9e8533315e25c13acf3510519b4a411e8ee,RESTORED
e33d5cc55be01f800a7cf055cc1793d982deb5bc,tests/test_phase4.py,4094,bf8c80d7cb5d76ee3f3a21ab61b4d7f3e22535b7af404861a59a79127dac511a,RESTORED
e33d5cc55be01f800a7cf055cc1793d982deb5bc,tests/test_phase5.py,3855,0c083ec2f6b9ea0e62834f205609d6c7bd88deb4075e0c13770ab951e98ca59e,RESTORED
e33d5cc55be01f800a7cf055cc1793d982deb5bc,tests/test_phase6.py,4358,fd3050140cbda2838f43a4cc683f6f45d2b0fe8e1308d5d1a3a3f53f5c8b5ede,RESTORED
e33d5cc55be01f800a7cf055cc1793d982deb5bc,tests/test_similar_text.py,4990,85c420815eb2d2e0ce73c220091a65e08f99d71393eedb424a9e953c42c3a17d,RESTORED
e33d5cc55be01f800a7cf055cc1793d982deb5bc,tests/test_smoke.py,723,766543f41f7686f4c8dad8730b50d37914d1307bcc7eab08c782caca484e1a24,RESTORED
e33d5cc55be01f800a7cf055cc1793d982deb5bc,tests/test_text_pipeline.py,16218,ddddca902ec95a26f9b9ad6a5eb381969e09181e6a85dcdfa05116b827779fad,RESTORED
e33d5cc55be01f800a7cf055cc1793d982deb5bc,tests/test_text_search.py,8189,50f8b1d9ac2bc4c3b1a7ffc4e66611b6e5a6ca3efd63d5df60d807459edbafe6,RESTORED
e33d5cc55be01f800a7cf055cc1793d982deb5bc,tests/test_text_search_reports_missing_db_or_empty_corpus_truthfully.py,1370,e79aabed35848de4d7ec5e4263fc481c18e08faabeedee76951bc3b0d3617bbe,RESTORED
e33d5cc55be01f800a7cf055cc1793d982deb5bc,tmp/pdf_qa/FIGURE_1_LI2FEO3_WORKFLOW_SUPERCELLS.png,677717,77bbd90fd7bb095358cdf604f593efa331e1e338739f2b3ee9a71c3129d360cf,HISTORICAL_NON_RUNTIME
e33d5cc55be01f800a7cf055cc1793d982deb5bc,tmp/pdf_qa/FIGURE_2_GENERATED_CRYSTAL_GALLERY_SUPERCELLS.png,682314,a9ed625a37a217ac8c03ef6d167ee95c65b31208eccf8502b229d821067a61dc,HISTORICAL_NON_RUNTIME
e33d5cc55be01f800a7cf055cc1793d982deb5bc,tmp/pdf_qa/gallery_3x.png,456849,d4ed27d8a7cb2a1efdfd2dc34926c4be8d397b2a74603d73e1d92fa8f0d43b32,HISTORICAL_NON_RUNTIME
