"path","size","sha256","runtime_classification"
".gitattributes","68","d8fb0de4792538f93822b2c0d235604921299d5e54a3d6ec7a6cb34536e8bf1e","PROJECT_METADATA"
".gitignore","362","2101f72122bcfe2b47d8641cbc1251889c937e33054a3cd79cb0acfbc14fce2e","PROJECT_METADATA"
"benchmarks/assets/hull_reference_bundles.csv","775","3bc3d7ec0df1c4b1a4fd543e7c8bdb3cd33b46d5972f972ffe69820c2fc0f21b","EXTERNAL_NOT_VENDORED"
"benchmarks/assets/property_target_bundles.csv","339","d13cb034e2471973969dea2259a90c8db3abfb5d76b1593de4c5303291ffd3b3","EXTERNAL_NOT_VENDORED"
"benchmarks/assets/README.md","631","301c1bf95b14848b045da87739ec425f68a631a06df16260422a57b749d7cdfd","EXTERNAL_NOT_VENDORED"
"benchmarks/assets/reference_cif_bundles.csv","699","7f5abc8bfb182889ce8aefee2f337f57a16312366ad7b589f1cfcdf66a09a178","EXTERNAL_NOT_VENDORED"
"benchmarks/dataset_replicas/atomgpt_property/property_targets.csv","301","b58ede36356ec3edad635471815feec4160ccc565f46479d1cf4b7187f1883eb","EXTERNAL_NOT_VENDORED"
"benchmarks/dataset_replicas/atomgpt_property/README.md","776","407026b2446154b5eab5885c46a89ccc959c78974043cc7889f97a04106c6699","EXTERNAL_NOT_VENDORED"
"benchmarks/dataset_replicas/chemeleon_chemical_spaces/chemical_spaces.csv","442","94600191d807b25d737a449cee9ccd0b27d1f1a16f874ca71718e6153029b6df","EXTERNAL_NOT_VENDORED"
"benchmarks/dataset_replicas/chemeleon_chemical_spaces/README.md","982","088052f713690d862a003a00d6e77aa4d03f0195a376dfeb8f817efa96d5030c","EXTERNAL_NOT_VENDORED"
"benchmarks/dataset_replicas/mp20_subset/README.md","939","e939274b147fc76fdde441fb4318d2d2349bfdc091b352c7c5d3901547a9113e","EXTERNAL_NOT_VENDORED"
"benchmarks/dataset_replicas/mp20_subset/targets.csv","267","5f4a39bf9732d05b767b1c70ddab8b7c329336988e162a6dd69b0cb29ca3989e","EXTERNAL_NOT_VENDORED"
"benchmarks/dataset_replicas/mpts52_subset/README.md","694","d3d0c05cad088bddfaa13b202f839099f1ec7ddf638918f6bcb928e78f839855","EXTERNAL_NOT_VENDORED"
"benchmarks/dataset_replicas/mpts52_subset/targets.csv","254","554c57eff6e2606f58e54030f6449bdabbcdd7b51886619e4a0313c433dfd81a","EXTERNAL_NOT_VENDORED"
"benchmarks/e2e_text_prompts/e2e_prompts_v1.csv","2725","77463a22b7f33d573c30a77f0fc5ef1da8be871e3aaf01c986b69094c030db04","EXTERNAL_NOT_VENDORED"
"benchmarks/paper_advanced_validation/PAPER_16_MANIFEST.csv","6387","e7ee86daf8b1c5c663080a2cc07df1e3a2c038d25d1b3a3ed94596c71c27b0b7","EXTERNAL_NOT_VENDORED"
"benchmarks/paper_advanced_validation/PAPER_6_DFT_MANIFEST.csv","2496","80d9e489013dc21f09643520a1d2ec672ac92e686ce57de77d0fcbc871cb0bc9","EXTERNAL_NOT_VENDORED"
"benchmarks/paper_advanced_validation/README.md","903","67ef32dc679dada47bab74a6ba2fb428fd1d8c02008a653ac4bd5352a61d78e4","EXTERNAL_NOT_VENDORED"
"benchmarks/paper_targets/comparator_values_v1.csv","2134","541d7df3ce8d7f854feffd2597a44e0e5ce5834a4c8a35f459614bf6f3b299ec","EXTERNAL_NOT_VENDORED"
"benchmarks/paper_targets/generated_manifest.csv","14412","54c3d1f7f5553c808b58478569652975c712d3c16e12a9e0bbed956ed6ce103c","EXTERNAL_NOT_VENDORED"
"benchmarks/paper_targets/generated_manifest.warnings.txt","1259","fd298eef1f6d2529e91404568e38ca3cec6da8bbe482666cdd98c787d872e882","EXTERNAL_NOT_VENDORED"
"benchmarks/paper_targets/paper_targets_v1.csv","13016","cdf64846e4a0190e2c964b4c1708ef5bca9a3e5486b049a7ecbd9ba0c04c2baa","EXTERNAL_NOT_VENDORED"
"benchmarks/paper_targets/README.md","2911","5e2429a21f582967936eb20cd21d5440375455c5686c575966bb4bfdec141362","EXTERNAL_NOT_VENDORED"
"benchmarks/paper_targets/reference_cifs/generated_challenge_baceo3_perovskite.cif","1707","90a2966a8101f4611df34343f023316da6b4336820840d0418149f68bf526d33","EXTERNAL_NOT_VENDORED"
"benchmarks/paper_targets/reference_cifs/generated_challenge_basno3_perovskite.cif","1707","32360d5706d0591c47f90bc4e040009cebdd21ad5129b85ea36288438f20e243","EXTERNAL_NOT_VENDORED"
"benchmarks/paper_targets/reference_cifs/generated_challenge_cos2_pyrite.cif","1346","423b75416a0e38054cb4bb28884d493e4c65626e1d67d9a9c459b6de19dfa71a","EXTERNAL_NOT_VENDORED"
"benchmarks/paper_targets/reference_cifs/generated_challenge_cspbbr3_perovskite.cif","1713","89c237176d05b5a0b94c8b4adb2879edd2688d8c06ce204dd40cf7179faeba44","EXTERNAL_NOT_VENDORED"
"benchmarks/paper_targets/reference_cifs/generated_challenge_cssni3_mapbi3_proxy.cif","1708","224d109252fab0f9d3ed88244caf4ef4b8a87547815483b4f72997aa1e01a734","EXTERNAL_NOT_VENDORED"
"benchmarks/paper_targets/reference_cifs/generated_challenge_feo_wustite.cif","5553","1d3c92d0ce23db2541e29eaf832a9777dab470e1c3c0792394853cf5bf70bd4b","EXTERNAL_NOT_VENDORED"
"benchmarks/paper_targets/reference_cifs/generated_challenge_fes2_pyrite.cif","1346","0c57fae0d58fd47ca87a91a6db39b6f68cf7776a677d7f251f8bae0e11424788","EXTERNAL_NOT_VENDORED"
"benchmarks/paper_targets/reference_cifs/generated_challenge_limn2o4_spinel.cif","6199","f77fb43fd844a59fda156c2784535738db4dc4aaa1fc5fe5de020dba6aade90f","EXTERNAL_NOT_VENDORED"
"benchmarks/paper_targets/reference_cifs/generated_challenge_mgal2o4_spinel.cif","6199","1e08bc19978eb655653784345bb4b244b6372413bcef5b6536658285c9ddd4be","EXTERNAL_NOT_VENDORED"
"benchmarks/paper_targets/reference_cifs/generated_challenge_mno_rocksalt.cif","5553","bc3f0103a416b23d7e906e900fbf3c216d4a8ecc2722583a475d39b8f7b63f56","EXTERNAL_NOT_VENDORED"
"benchmarks/paper_targets/reference_cifs/generated_challenge_nis2_pyrite.cif","1346","6eb6c28bd1279e23940c0de55735a6dab276d25721138ce5ef0eef4d9f8e39e9","EXTERNAL_NOT_VENDORED"
"benchmarks/paper_targets/reference_cifs/generated_challenge_pbs_rocksalt.cif","5554","cb71d418ba6bc2a9c9b4fe55a7510a9ddeaee3ea1ce2f221c6af48ae0acc67ab","EXTERNAL_NOT_VENDORED"
"benchmarks/paper_targets/reference_cifs/generated_challenge_znfe2o4_spinel.cif","6203","0a26fc7810f8ea663ceb1fe20deeb89690172c3f8baea429912f4864c35943e8","EXTERNAL_NOT_VENDORED"
"benchmarks/paper_targets/reference_cifs/sanity_batio3_perovskite.cif","1707","aab8684aa99defd76beded34c2ba8e7bcc2e584bb7aba51a8dca299ec654a203","EXTERNAL_NOT_VENDORED"
"benchmarks/paper_targets/reference_cifs/sanity_catio3_perovskite.cif","1707","339928256a1eb25b299a72f926e83d2f01f8ac9e4e87de0f7afa570f02ae6281","EXTERNAL_NOT_VENDORED"
"benchmarks/paper_targets/reference_cifs/sanity_ceo2_fluorite.cif","5556","6ee9ce2dbce79e0258f88dfbd76ffdd5e52d16fda65a0dcf133910289f935244","EXTERNAL_NOT_VENDORED"
"benchmarks/paper_targets/reference_cifs/sanity_coo_rocksalt.cif","5553","c2b7a04b1bee86cac97a91c17b828647e296f8c8e84fd94266a6c869047652a4","EXTERNAL_NOT_VENDORED"
"benchmarks/paper_targets/reference_cifs/sanity_lif_rocksalt.cif","5553","a8ba2b578597a8342ee51795d05c1f5355591a04186af328fe0778d1c8ad5a91","EXTERNAL_NOT_VENDORED"
"benchmarks/paper_targets/reference_cifs/sanity_nacl_rocksalt.cif","5559","53fec64878607898447ce943e04133878ee94825c635c28ddd8d3363bb3294a4","EXTERNAL_NOT_VENDORED"
"benchmarks/paper_targets/reference_cifs/sanity_nio_rocksalt.cif","5553","ee51b88840d4d60b1c37526b4466e63b4178d17967b91bce113ac1d7f5c74b97","EXTERNAL_NOT_VENDORED"
"benchmarks/paper_targets/reference_cifs/sanity_zns_sphalerite.cif","3109","5c7f870f020e800864a885fc7fcc3fbf2f9926af6d00ad90b62541ee9108c2e3","EXTERNAL_NOT_VENDORED"
"benchmarks/paper_targets/reference_cifs/sanity_zro2_fluorite.cif","5556","2670243ae3692c954871df7b676d97119122cd41c68d370ca937d297dc00604e","EXTERNAL_NOT_VENDORED"
"benchmarks/paper_targets/reference_cifs_v1.csv","4531","9ff56cf1f8ad5ce7763a1342517c36f0541b302796d40d952a77fc761dd5df6b","EXTERNAL_NOT_VENDORED"
"benchmarks/paper_targets/unmatched_generated_cifs.csv","136","d08103b3f26d3c543e62725f7ccff2330d57ff891831e20b9829b2a45d9bcd82","EXTERNAL_NOT_VENDORED"
"benchmarks/unique_verifiable_csp/evidence_trap_prompts.csv","618","5c27ad305a73f93cad002f27b2584fd9300ab8874436e69fb842a26a3a9ab30e","EXTERNAL_NOT_VENDORED"
"benchmarks/unique_verifiable_csp/infeasible_prompts.csv","441","b09994581a6534a16ad04601b9abc6e0b6d2f386a95e5034bfb94ca0b95663c6","EXTERNAL_NOT_VENDORED"
"benchmarks/unique_verifiable_csp/README.md","1101","5310998f30f36408164a32d7c740af7b3bbf445bcde4b2817b88abe687fe2159","EXTERNAL_NOT_VENDORED"
"benchmarks/unique_verifiable_csp/repair_cases.csv","720","2ce7a8a6fcef7a4c24ac9fba0918d9c28cf25d0b5f03a6ae5f4f0e2b3a253f2f","EXTERNAL_NOT_VENDORED"
"benchmarks/unique_verifiable_csp/retrieval_ablation_prompts.csv","422","8d927a604930af6823a5dbe3197569b16b58b2149f0069451a817695c7839128","EXTERNAL_NOT_VENDORED"
"benchmarks/unique_verifiable_csp/traceable_csp_prompts_v1.csv","2258","cab6c531f05ab1934ac559967ec37ee05c8cb8d7a6cc842aef9056bc59a08165","EXTERNAL_NOT_VENDORED"
"configs/dft_pbe_relax.yaml","330","58a547495c5b071615dba528d0027fc1c5b4e6901a312c3bdf35635aed90c3f9","PROJECT_METADATA"
"configs/slurm_barkla.example.json","293","0b01110f8cfdcaed33099945a0b704c2bb12488197e26607e99fd5502c0e8691","PROJECT_METADATA"
"data/paper_comparators/crystal_generation_comparators.csv","15761","821f8c571c9de977385905ac44cbc6efccfc5a1c008842d5e16e6f749c42d9a4","EXTERNAL_NOT_VENDORED"
"data/paper_comparators/crystal_generation_comparators.json","35163","5e204075eb8bfb6f75ef69e6591204c81d70f6504f9b176f4bb90baea86b2d74","EXTERNAL_NOT_VENDORED"
"docs/ADVANCED_CRYSTAL_ANALYSIS.md","1702","2634812d509b39fd9ddfdd925a905a54f17d4998d167ba033cdf7e03a105f139","DOCUMENTATION"
"docs/BENCHMARKING.md","8277","d1ebdcb132b7275633ab66935518d5b090b93e9a25e7e796c98e7c8ab9f2e498","DOCUMENTATION"
"docs/DFT_ENERGY_CONTRACT.md","966","a1adf1b521c073b93c6674dd0279b56039331b3e2f34aebc2bbc4cfd231a0d51","DOCUMENTATION"
"docs/DFT_WORKFLOW.md","2113","da7a4c101eb81857dd4f34a532c6fad47328564821f2035b1a108a7af78b9b5a","DOCUMENTATION"
"docs/ELECTRONIC_STACK_IMPLEMENTATION_AUDIT.md","9228","47f2fe7e6765f253ed0435189dba04b8a3725fd736299087aafcada2a234f734","DOCUMENTATION"
"docs/EVALUATORS.md","6922","eaba68a75f3c3f7df6124eeaec762e397af45f5d600d22b96f586142501b896e","DOCUMENTATION"
"docs/FULL_100_GUIDED_SPP_BENCHMARK_COMPARISON.md","20744","0810747b2af6453097fc5a982ab08e6f0434a7b02419cbc7a1f246c7f90b2af9","DOCUMENTATION"
"docs/FULL_INTENT_BENCHMARK.md","4390","d6cfba30993ca11106bf87c2d287bd580af6b236d9be953fb135cbea3b816181","DOCUMENTATION"
"docs/HULL_ANALYSIS.md","1134","d699ef1328958c73292c0f68ee40fd2295748fd23bb0ed924d26e385a11a38b8","DOCUMENTATION"
"docs/INSTALL_BACKENDS.md","3191","4a4dedffae71e1768f8c2ca6f17ba1377ce64db01885512326181ad64a90ef2d","DOCUMENTATION"
"docs/LITERATURE_REPLICATION_BENCHMARKS.md","2650","c86f00d9dadd5d3b14aa50ad08919b7eaea1e3203eb1236673fe68442a1dbef1","DOCUMENTATION"
"docs/MLIP_RELAXATION_VALIDATION.md","1475","129a8fcbb6855ea4583221c5233dbda3841b70ea83c8b53e5df7c903ba321d60","DOCUMENTATION"
"docs/PACKAGE_ASSET_AUDIT.md","1871","7a91ac42cafa6d0b4e529151524f595d63bc841bf3085daac0a9ad936c4a84ac","DOCUMENTATION"
"docs/PAPER_BENCHMARKS.md","5848","296c2dbe53742db4b82f60264efb0e975d41349c8af5a4716b62d975dd7628a9","DOCUMENTATION"
"docs/paper_comparator_evidence.md","9082","83747a5c7e247ba27d320924c4a27441e92082c0f070c8760654313216597f37","DOCUMENTATION"
"docs/UNIQUE_VERIFIABLE_CSP_BENCHMARKS.md","5877","94d5be245d980d09ef18e7bdbbb65c69f704438d145b2a09f96cc9243b859c8e","DOCUMENTATION"
"eletronic_stack.md","14980","85c8d5fd79d2ef34a23ac9a97006615444c1807bafbc10d502058dfcd3b2ef15","PROJECT_METADATA"
"examples/cif_manifest.csv","99","3286e33e197f2979ad9760c36a2a7bfae93092dcab04e027d7bb6ec3ece6d8f3","PROJECT_METADATA"
"examples/cifs/tiny_valid.cif","454","0b4d4df462ed6dc37a62779b9f2d7a191e9fa5ce1d02fd801e05b420e441dbdc","PROJECT_METADATA"
"examples/run_alignn_folder.sh","147","db598f293708148db613c196620fd909b44fa0166216f77896af3b30e438cdd2","PROJECT_METADATA"
"examples/run_crystallm_eval.sh","594","80cda70666b7c1870d2781d087ff65afadf571fe86f0bd14b24da6ccbbf29f86","PROJECT_METADATA"
"examples/spp.v1.json","684","5cd92a8d6556f0d3878ef3306d99cf90c6a8da551b0f4b3e652a4001826c763d","PROJECT_METADATA"
"LICENSE","1096","199d9ba4a74d47bae4610f5a08093afd271e42a18078d06a50c12d15759c41ef","PROJECT_METADATA"
"MANIFEST.in","342","1b274f351bcf6cd74e62da486aa8fe590ffff9d46e0b7139258778a37a5744fd","PROJECT_METADATA"
"project_context.txt","4122693","cae68f50137ff3249946b0ad02904bf7e2efe299fa11b46c6457e39094cab933","PROJECT_METADATA"
"project_to_txt copy.py","15479","ee867e9a3ad0b57ea92bbbb62b727ffffd715b64873a0400eafd80483d9b5145","PROJECT_METADATA"
"project_to_txt.py","15479","ee867e9a3ad0b57ea92bbbb62b727ffffd715b64873a0400eafd80483d9b5145","PROJECT_METADATA"
"pyproject.toml","1495","dd3da6912d5ea494bc5eb90174065e6175315cc3991905c4910d1e76863d0fb1","PROJECT_METADATA"
"README.md","10069","410d339db20d77ac742f0b3af087ab32aaf548028482d1b46f9fac17ec9db2ea","PROJECT_METADATA"
"reference_sets/README.md","3259","467b66e1f4340e7c0c1c78dcd42f62aa458c4e5ed03a6ae2a2c5b24d1e1e611b","PROJECT_METADATA"
"reports/all_backend_benchmark.csv","63344","2215c89f238da075cd4393556cc6e2b5f0893cc85cab4624eb4c78edd5af5ada","GENERATED_NOT_VENDORED"
"reports/all_backend_final.csv","67587","73c577003738d3ff41634fba794c5401e7311ace690ffd8e992a3aaaaa53a95d","GENERATED_NOT_VENDORED"
"reports/benchmark_protocols.json","18674","9bd964ef40817ab0b2804d5e88d0c58d2f9d0d7de8e604a9280cbe63299af46c","GENERATED_NOT_VENDORED"
"reports/direct_cif_report.md","8255","e6c9cc40fa74f5f6e7b0617a6c64318b3a074f8ef1028b0474b39bd807cb7523","GENERATED_NOT_VENDORED"
"reports/direct_cif_results.csv","33147","661d1446834207b652c6145d6e47cea14fcf022229fe3d21fa8cf0b98830aabc","GENERATED_NOT_VENDORED"
"reports/direct_cif_summary.csv","8033","ae1892d713c44be8680202927b71b692dd99825561b575b97af49d852efda8d4","GENERATED_NOT_VENDORED"
"reports/direct_cif_summary.json","31421","ae40272a31868773463bccf7e7aa4d26ddba74c43d7d5b60b8b8a59663ab3eaf","GENERATED_NOT_VENDORED"
"reports/direct_manifest_report.md","9573","72be1df4fcb44b1eb57b094d580eec093f260490496126eacd538dd69eb94b73","GENERATED_NOT_VENDORED"
"reports/direct_manifest_results.csv","54802","015b38669a97a32b038b283eb6ccd1444bdedf37a4350a76970c4ba49f5166ab","GENERATED_NOT_VENDORED"
"reports/direct_manifest_summary.csv","7792","c24a19d2158f96dd4d98d2f43456a3e1b226c400c66306f946c4795d34fad2d4","GENERATED_NOT_VENDORED"
"reports/direct_manifest_summary.json","31074","46d7f1a0568c72812f8dd36cb47382efc42c47464a8c3086b7d86ee2f2fda15d","GENERATED_NOT_VENDORED"
"reports/e2e_fake_report.md","9087","8c7667b846869d0bd938130e2dadaff8b51002f7905c26a5cd5f50e76b2113c4","GENERATED_NOT_VENDORED"
"reports/e2e_fake_runs/e2e_batio3_perovskite/attempt_001.cif","454","0b4d4df462ed6dc37a62779b9f2d7a191e9fa5ce1d02fd801e05b420e441dbdc","GENERATED_NOT_VENDORED"
"reports/e2e_fake_runs/e2e_batio3_perovskite/attempt_002.cif","454","0b4d4df462ed6dc37a62779b9f2d7a191e9fa5ce1d02fd801e05b420e441dbdc","GENERATED_NOT_VENDORED"
"reports/e2e_fake_runs/e2e_batio3_perovskite/attempt_003.cif","454","0b4d4df462ed6dc37a62779b9f2d7a191e9fa5ce1d02fd801e05b420e441dbdc","GENERATED_NOT_VENDORED"
"reports/e2e_fake_runs/e2e_batio3_perovskite/stderr.txt","0","e3b0c44298fc1c149afbf4c8996fb92427ae41e4649b934ca495991b7852b855","GENERATED_NOT_VENDORED"
"reports/e2e_fake_runs/e2e_batio3_perovskite/stdout.txt","69","508ecf0e38eb84fd08905508aa08ec0cefa124e6ab711d950bfd9b533ced83bb","GENERATED_NOT_VENDORED"
"reports/e2e_fake_runs/e2e_benchmark_results.csv","61154","70dcb0c4a04b8e711fc4fa023b62cea389e910ef661f87b52b5a9538d8cc5758","GENERATED_NOT_VENDORED"
"reports/e2e_fake_runs/e2e_ceo2_fluorite/attempt_001.cif","454","0b4d4df462ed6dc37a62779b9f2d7a191e9fa5ce1d02fd801e05b420e441dbdc","GENERATED_NOT_VENDORED"
"reports/e2e_fake_runs/e2e_ceo2_fluorite/attempt_002.cif","454","0b4d4df462ed6dc37a62779b9f2d7a191e9fa5ce1d02fd801e05b420e441dbdc","GENERATED_NOT_VENDORED"
"reports/e2e_fake_runs/e2e_ceo2_fluorite/attempt_003.cif","454","0b4d4df462ed6dc37a62779b9f2d7a191e9fa5ce1d02fd801e05b420e441dbdc","GENERATED_NOT_VENDORED"
"reports/e2e_fake_runs/e2e_ceo2_fluorite/stderr.txt","0","e3b0c44298fc1c149afbf4c8996fb92427ae41e4649b934ca495991b7852b855","GENERATED_NOT_VENDORED"
"reports/e2e_fake_runs/e2e_ceo2_fluorite/stdout.txt","64","fb14dca4ccc3849be28a095e54f8dfd842bf1aaa34d26940c7db671c1f506e1f","GENERATED_NOT_VENDORED"
"reports/e2e_fake_runs/e2e_fes2_pyrite/attempt_001.cif","454","0b4d4df462ed6dc37a62779b9f2d7a191e9fa5ce1d02fd801e05b420e441dbdc","GENERATED_NOT_VENDORED"
"reports/e2e_fake_runs/e2e_fes2_pyrite/attempt_002.cif","454","0b4d4df462ed6dc37a62779b9f2d7a191e9fa5ce1d02fd801e05b420e441dbdc","GENERATED_NOT_VENDORED"
"reports/e2e_fake_runs/e2e_fes2_pyrite/attempt_003.cif","454","0b4d4df462ed6dc37a62779b9f2d7a191e9fa5ce1d02fd801e05b420e441dbdc","GENERATED_NOT_VENDORED"
"reports/e2e_fake_runs/e2e_fes2_pyrite/stderr.txt","0","e3b0c44298fc1c149afbf4c8996fb92427ae41e4649b934ca495991b7852b855","GENERATED_NOT_VENDORED"
"reports/e2e_fake_runs/e2e_fes2_pyrite/stdout.txt","60","c666a73ed82c72452f517856cedee47833f2055479fe75ac044561099a57c553","GENERATED_NOT_VENDORED"
"reports/e2e_fake_runs/e2e_li6ps5cl_argyrodite/attempt_001.cif","454","0b4d4df462ed6dc37a62779b9f2d7a191e9fa5ce1d02fd801e05b420e441dbdc","GENERATED_NOT_VENDORED"
"reports/e2e_fake_runs/e2e_li6ps5cl_argyrodite/attempt_002.cif","454","0b4d4df462ed6dc37a62779b9f2d7a191e9fa5ce1d02fd801e05b420e441dbdc","GENERATED_NOT_VENDORED"
"reports/e2e_fake_runs/e2e_li6ps5cl_argyrodite/attempt_003.cif","454","0b4d4df462ed6dc37a62779b9f2d7a191e9fa5ce1d02fd801e05b420e441dbdc","GENERATED_NOT_VENDORED"
"reports/e2e_fake_runs/e2e_li6ps5cl_argyrodite/stderr.txt","0","e3b0c44298fc1c149afbf4c8996fb92427ae41e4649b934ca495991b7852b855","GENERATED_NOT_VENDORED"
"reports/e2e_fake_runs/e2e_li6ps5cl_argyrodite/stdout.txt","79","d672d9c29bc8aa442a5a632ff4c7146c426f684eabbdf6b65c3ac441e4df0e47","GENERATED_NOT_VENDORED"
"reports/e2e_fake_runs/e2e_ndag_hg2_sg225/attempt_001.cif","454","0b4d4df462ed6dc37a62779b9f2d7a191e9fa5ce1d02fd801e05b420e441dbdc","GENERATED_NOT_VENDORED"
"reports/e2e_fake_runs/e2e_ndag_hg2_sg225/attempt_002.cif","454","0b4d4df462ed6dc37a62779b9f2d7a191e9fa5ce1d02fd801e05b420e441dbdc","GENERATED_NOT_VENDORED"
"reports/e2e_fake_runs/e2e_ndag_hg2_sg225/attempt_003.cif","454","0b4d4df462ed6dc37a62779b9f2d7a191e9fa5ce1d02fd801e05b420e441dbdc","GENERATED_NOT_VENDORED"
"reports/e2e_fake_runs/e2e_ndag_hg2_sg225/stderr.txt","0","e3b0c44298fc1c149afbf4c8996fb92427ae41e4649b934ca495991b7852b855","GENERATED_NOT_VENDORED"
"reports/e2e_fake_runs/e2e_ndag_hg2_sg225/stdout.txt","60","8e66889c2684bdff29f0d8c98cf78de61be176e30623a02f41513e7e60f82fe7","GENERATED_NOT_VENDORED"
"reports/e2e_fake_runs/e2e_nio_rocksalt/attempt_001.cif","454","0b4d4df462ed6dc37a62779b9f2d7a191e9fa5ce1d02fd801e05b420e441dbdc","GENERATED_NOT_VENDORED"
"reports/e2e_fake_runs/e2e_nio_rocksalt/attempt_002.cif","454","0b4d4df462ed6dc37a62779b9f2d7a191e9fa5ce1d02fd801e05b420e441dbdc","GENERATED_NOT_VENDORED"
"reports/e2e_fake_runs/e2e_nio_rocksalt/attempt_003.cif","454","0b4d4df462ed6dc37a62779b9f2d7a191e9fa5ce1d02fd801e05b420e441dbdc","GENERATED_NOT_VENDORED"
"reports/e2e_fake_runs/e2e_nio_rocksalt/stderr.txt","0","e3b0c44298fc1c149afbf4c8996fb92427ae41e4649b934ca495991b7852b855","GENERATED_NOT_VENDORED"
"reports/e2e_fake_runs/e2e_nio_rocksalt/stdout.txt","56","0adaa9010d3bd12a31674c00741d4fbd013e89666d84696161962bf3d11ae20f","GENERATED_NOT_VENDORED"
"reports/e2e_fake_runs/e2e_tio2_rutile/attempt_001.cif","454","0b4d4df462ed6dc37a62779b9f2d7a191e9fa5ce1d02fd801e05b420e441dbdc","GENERATED_NOT_VENDORED"
"reports/e2e_fake_runs/e2e_tio2_rutile/attempt_002.cif","454","0b4d4df462ed6dc37a62779b9f2d7a191e9fa5ce1d02fd801e05b420e441dbdc","GENERATED_NOT_VENDORED"
"reports/e2e_fake_runs/e2e_tio2_rutile/attempt_003.cif","454","0b4d4df462ed6dc37a62779b9f2d7a191e9fa5ce1d02fd801e05b420e441dbdc","GENERATED_NOT_VENDORED"
"reports/e2e_fake_runs/e2e_tio2_rutile/stderr.txt","0","e3b0c44298fc1c149afbf4c8996fb92427ae41e4649b934ca495991b7852b855","GENERATED_NOT_VENDORED"
"reports/e2e_fake_runs/e2e_tio2_rutile/stdout.txt","45","ddc9ee00fd966025ba38027ee4cc1bf34faa5830028a983f8ab59cdc1de963a2","GENERATED_NOT_VENDORED"
"reports/e2e_fake_runs/e2e_znfe2o4_spinel/attempt_001.cif","454","0b4d4df462ed6dc37a62779b9f2d7a191e9fa5ce1d02fd801e05b420e441dbdc","GENERATED_NOT_VENDORED"
"reports/e2e_fake_runs/e2e_znfe2o4_spinel/attempt_002.cif","454","0b4d4df462ed6dc37a62779b9f2d7a191e9fa5ce1d02fd801e05b420e441dbdc","GENERATED_NOT_VENDORED"
"reports/e2e_fake_runs/e2e_znfe2o4_spinel/attempt_003.cif","454","0b4d4df462ed6dc37a62779b9f2d7a191e9fa5ce1d02fd801e05b420e441dbdc","GENERATED_NOT_VENDORED"
"reports/e2e_fake_runs/e2e_znfe2o4_spinel/stderr.txt","0","e3b0c44298fc1c149afbf4c8996fb92427ae41e4649b934ca495991b7852b855","GENERATED_NOT_VENDORED"
"reports/e2e_fake_runs/e2e_znfe2o4_spinel/stdout.txt","65","61db135787155686b3e433d6aba2ddd6d4d5c1bdb26c364f6a58db0e1f6c9073","GENERATED_NOT_VENDORED"
"reports/e2e_fake_runs/e2e_zno_wurtzite/attempt_001.cif","454","0b4d4df462ed6dc37a62779b9f2d7a191e9fa5ce1d02fd801e05b420e441dbdc","GENERATED_NOT_VENDORED"
"reports/e2e_fake_runs/e2e_zno_wurtzite/attempt_002.cif","454","0b4d4df462ed6dc37a62779b9f2d7a191e9fa5ce1d02fd801e05b420e441dbdc","GENERATED_NOT_VENDORED"
"reports/e2e_fake_runs/e2e_zno_wurtzite/attempt_003.cif","454","0b4d4df462ed6dc37a62779b9f2d7a191e9fa5ce1d02fd801e05b420e441dbdc","GENERATED_NOT_VENDORED"
"reports/e2e_fake_runs/e2e_zno_wurtzite/stderr.txt","0","e3b0c44298fc1c149afbf4c8996fb92427ae41e4649b934ca495991b7852b855","GENERATED_NOT_VENDORED"
"reports/e2e_fake_runs/e2e_zno_wurtzite/stdout.txt","58","99142285aeff5c3a0732d6ba62fdf656db6576a89f3ea43f010530b79aa36754","GENERATED_NOT_VENDORED"
"reports/e2e_fake_runs/generated_cifs_manifest.csv","15008","8181183afb78c5d8d162d61ed97f36ae5821b623b45ba94efcd24693db161d4a","GENERATED_NOT_VENDORED"
"reports/e2e_fake_runs/generation_log.csv","3472","57345fb99e08d24d6584c30effa1092f5300cc8225f6fca86e3fa8cb0d4dd987","GENERATED_NOT_VENDORED"
"reports/e2e_fake_summary.csv","7568","6aa3b211a84cf2ebbc8eee0ad817f5db89405df0d175fd5023621f56379c6908","GENERATED_NOT_VENDORED"
"reports/e2e_fake_summary.json","30908","dc797b2f0c57ad0c334c0fa0493f748e9735c5a514b57413d27bd1da8d3418b5","GENERATED_NOT_VENDORED"
"reports/m3gnet_fixed.csv","34667","1fc5764062326c45d92c70615ddc66962464709fba2c67aa6eed475c5cc0efb8","GENERATED_NOT_VENDORED"
"reports/m3gnet_fixed_v2.csv","201867","7f6d658f01d50cd0d7c010cce50321a134ea8ceceecbf5ba0c1c082be607785b","GENERATED_NOT_VENDORED"
"reports/m3gnet_fixed_v2_ani.csv","43467","9d8c1a805475ec6bf52f2468069b6d65932c5ed30ec42fdd1efa8c49f20cbce8","GENERATED_NOT_VENDORED"
"reports/m3gnet_retry.csv","36055","1070f490682bf4a330af845f03a0c56d9e730ed890b264e7b3a95e382d0489c2","GENERATED_NOT_VENDORED"
"reports/missing_retrieval_inspection.csv","986","5992deed300853fd4c2c0f093803dd611fd8c1abb27b28d8b6e4741b1165ba12","GENERATED_NOT_VENDORED"
"reports/missing_retrieval_inspection.json","1312","d96ebaf379d5afdf4659c9d4634fc6071c43e59888a2d8492be463173871e43f","GENERATED_NOT_VENDORED"
"reports/missing_retrieval_inspection.md","443","475d6bc99da83021d4e457f20278a7105e4dd955bbb131c33286810d342f134e","GENERATED_NOT_VENDORED"
"reports/paper_benchmark_report.md","12651","d86118aed21a4bff22ededb525b099796fc3b1741aefec9b7ab97c873735c104","GENERATED_NOT_VENDORED"
"reports/paper_benchmark_report_smoke.md","11067","2e06dbbaa623609efd9377b16238f6f86ea5bdc401818e2a26d5324a8dad0ee7","GENERATED_NOT_VENDORED"
"reports/paper_benchmark_summary.csv","105108","b6dae7776f8e25870dcfe8d0308d959a516ece452f1bd3ad5c74f6a3b1c17800","GENERATED_NOT_VENDORED"
"reports/paper_benchmark_summary.json","641986","a99f975c30f11e9ae3997d4addeb07941df3dbcb1155df55c10a4f5937814f32","GENERATED_NOT_VENDORED"
"reports/paper_benchmark_summary_smoke.csv","7614","136b710fdb19e98ba079f5e0fd13eb5ed9f1f277f1d6fb013b91311500f80e53","GENERATED_NOT_VENDORED"
"reports/paper_benchmark_summary_smoke.json","37614","6b5b80e14d9f980f8286903221d6effb2c3fd0ec8d09e0fb651d58e6a6a804e9","GENERATED_NOT_VENDORED"
"reports/paper_target_diagnostics.csv","25360","de9940571582007e1122f6dac92eb0608a793eb5fd1d36404406aca6cbd3da50","GENERATED_NOT_VENDORED"
"reports/paper_target_diagnostics.json","50654","a812f0ae13a52a7076b55c602dba3ac671ccda195b2cfe5cb08f544e33ca401c","GENERATED_NOT_VENDORED"
"reports/paper_target_diagnostics.md","6343","fc762b64c0f3cca3a94ff5838d406cf576df4136b6656ae6f2b8f6a4ab6cc64c","GENERATED_NOT_VENDORED"
"reports/paper_targets_chgnet_relaxed/challenge_001_batio3_perovskite_solution_chgnet_relaxed.cif","1311","aa09f22806f40ae04c98ea3c25ff1349f2a5c8c9b9a434f7bdf6932dcfdf2070","GENERATED_NOT_VENDORED"
"reports/paper_targets_chgnet_relaxed/challenge_002_catio3_perovskite_solution_chgnet_relaxed.cif","1707","cd80a54157cc4cc7a699804cd4e80d159f3e513a8b01a59c6e59412e94918b4c","GENERATED_NOT_VENDORED"
"reports/paper_targets_chgnet_relaxed/challenge_004_mgal2o4_spinel_solution_chgnet_relaxed.cif","1118","bd00a6fbeec1ca160b9576f8d02ef5e08908f1b12f426f419d03e53f1813484e","GENERATED_NOT_VENDORED"
"reports/paper_targets_chgnet_relaxed/challenge_005_znfe2o4_spinel_solution_chgnet_relaxed.cif","1005","99ac2f076ebb881f242dc0276424b7530fc9155aedaff3cbdaa6e2d2019b15ae","GENERATED_NOT_VENDORED"
"reports/paper_targets_chgnet_relaxed/challenge_008_limn2o4_spinel_solution_chgnet_relaxed.cif","1019","587dd9a4fe8664c4602fb677c00b1ab4540dd5399c3d62f16a1f5d450331d1ea","GENERATED_NOT_VENDORED"
"reports/paper_targets_chgnet_relaxed/challenge_009_lif_rocksalt_solution_chgnet_relaxed.cif","1644","1f0974e23a71c834119eb343d0abe23210734786670af435a3885fca2a52424e","GENERATED_NOT_VENDORED"
"reports/paper_targets_chgnet_relaxed/challenge_010_nacl_rocksalt_solution_chgnet_relaxed.cif","936","5e0b51056cd5dcce31e15b5556cd46cf58fdd3333bf77629bbbd90d8e862a391","GENERATED_NOT_VENDORED"
"reports/paper_targets_chgnet_relaxed/challenge_011_cspbbr3_perovskite_solution_chgnet_relaxed.cif","951","55095b5d8c2d0221a6c072916adfd5483b34e5accdcdf7d7065157a4733deb6c","GENERATED_NOT_VENDORED"
"reports/paper_targets_chgnet_relaxed/challenge_012_mapbi3_proxy_solution_chgnet_relaxed.cif","1065","85804f3826a1cd3f6836004daff8e5318192210ef2818f864992a1182667597f","GENERATED_NOT_VENDORED"
"reports/paper_targets_chgnet_relaxed/challenge_017_zns_sphalerite_solution_chgnet_relaxed.cif","3109","ab9d73f0d9afdcb1fd89c07ebd3ed25af69c6bab12e52c1b6e13dc4bd4448838","GENERATED_NOT_VENDORED"
"reports/paper_targets_chgnet_relaxed/challenge_025_basno3_perovskite_solution_chgnet_relaxed.cif","1013","405f09cd5cb87bf15c12fe959ead065f9cd677cc34b0aa5f712e40de98dd92b8","GENERATED_NOT_VENDORED"
"reports/paper_targets_chgnet_relaxed/challenge_027_baceo3_perovskite_solution_chgnet_relaxed.cif","1707","e00235431d650af567af702a86a537f31e21d64eb3f7d37b07d76d0904bbc196","GENERATED_NOT_VENDORED"
"reports/paper_targets_chgnet_relaxed/challenge_048_feo_wustite_solution_chgnet_relaxed.cif","1053","37c5c59ac1c24f58b0e0a7312863bfc02a42e2b4befe68936cc31af6b968dc4f","GENERATED_NOT_VENDORED"
"reports/paper_targets_chgnet_relaxed/challenge_049_nio_rocksalt_solution_chgnet_relaxed.cif","899","af21c5846aa13069b343fbb5bcf530f441e7ac1eed155f44e1584315f36d248c","GENERATED_NOT_VENDORED"
"reports/paper_targets_chgnet_relaxed/challenge_050_coo_rocksalt_solution_chgnet_relaxed.cif","1644","68b42fd460be4b7872f928b738702a613178424ea55c44ad3e1c2cdf9b169796","GENERATED_NOT_VENDORED"
"reports/paper_targets_chgnet_relaxed/challenge_051_mno_rocksalt_solution_chgnet_relaxed.cif","1247","bd4287e1a9191f109d37cc8bd2eb9c7e9fde0067d206c836c5cd90e1889bf928","GENERATED_NOT_VENDORED"
"reports/paper_targets_chgnet_relaxed/challenge_053_zro2_fluorite_solution_chgnet_relaxed.cif","1055","e733f0692b2820532e346ddacb5d15f2ca3e95294a7b24189d3b5dd44b4b72fd","GENERATED_NOT_VENDORED"
"reports/paper_targets_chgnet_relaxed/challenge_054_ceo2_fluorite_solution_chgnet_relaxed.cif","1056","47e4f40047ce24713a36c60a66fa2d7b7f6874686b6196896108784298d74448","GENERATED_NOT_VENDORED"
"reports/paper_targets_chgnet_relaxed/challenge_063_pbs_rocksalt_solution_chgnet_relaxed.cif","932","dfe8ed441aa48552a617b240de5d84189279355a9f059fa11f2e5944ce0f6e70","GENERATED_NOT_VENDORED"
"reports/paper_targets_chgnet_relaxed/challenge_065_fes2_pyrite_solution_chgnet_relaxed.cif","905","be1a3d923377f1b9f8fbc3370280af477550ef3a6c28157fe061ad3f6f253e58","GENERATED_NOT_VENDORED"
"reports/paper_targets_chgnet_relaxed/challenge_066_cos2_pyrite_solution_chgnet_relaxed.cif","1763","0b11db75702bd6cf2b415599fd658234cb5d9003921545d35b4935fe42b50a17","GENERATED_NOT_VENDORED"
"reports/paper_targets_chgnet_relaxed/challenge_067_nis2_pyrite_solution_chgnet_relaxed.cif","845","375414179c6093cb678d564b85471c63c98364ba607004e01709b5a8e1109f9a","GENERATED_NOT_VENDORED"
"reports/paper_targets_manifest_report.md","13124","70b9e81513a5301ee82d0e290f570025229716acf959323502ae3958a7276ffb","GENERATED_NOT_VENDORED"
"reports/paper_targets_manifest_results.csv","69887","38f0013a4246e87d5bac443f20a2dd8cbd36bb17be509f578e1c627b270fde69","GENERATED_NOT_VENDORED"
"reports/paper_targets_manifest_summary.csv","128248","88d4ef223536825a7b0e8ae8890bbbf654edcf575ba9faeb249077354e10e2f9","GENERATED_NOT_VENDORED"
"reports/paper_targets_manifest_summary.json","663913","9f90ad4899886cda05c5bbd5a1017c1a510364cf595193800308c0bfb027f3bf","GENERATED_NOT_VENDORED"
"reports/paper_targets_results.csv","100610","f3b0ce6ad756c3f820483c6e9cd017308083f90a34e8542bea30a7c8a89f8cdf","GENERATED_NOT_VENDORED"
"reports/repairability/repair_wrong_sg_batio3/repair_log.json","225","1d9df300beb733970d0c217d2d33afb77ba73dd92e161807e3496779676ffb3b","GENERATED_NOT_VENDORED"
"reports/repairability/repair_wrong_sg_batio3/repaired.cif","454","0b4d4df462ed6dc37a62779b9f2d7a191e9fa5ce1d02fd801e05b420e441dbdc","GENERATED_NOT_VENDORED"
"reports/repairability/repair_znfe2o4_bad_contact/repair_log.json","217","0194ac403a45b18ef2aacfa8e01c29e22e0ad809b8c8e8f378247b00ab022c55","GENERATED_NOT_VENDORED"
"reports/repairability/repair_znfe2o4_bad_contact/repaired.cif","454","0b4d4df462ed6dc37a62779b9f2d7a191e9fa5ce1d02fd801e05b420e441dbdc","GENERATED_NOT_VENDORED"
"reports/repairability_report.md","214","ba0ec06c3e2a5196ca0f6d69b6cd7674d210036ca45ce788054565577cea3e7c","GENERATED_NOT_VENDORED"
"reports/repairability_summary.csv","1002","25116143efa5ed1169c16840b2c2474e8985140a5bb57dba1727377836e31a97","GENERATED_NOT_VENDORED"
"reports/repairability_summary.json","1846","2971641b642985a9cfc4efc6bf6e5b2deb635bb437d388dd24bc93e1c0b6a51a","GENERATED_NOT_VENDORED"
"reports/retrieval_ablation/ablate_batio3/evidence_spp/attempt_001.cif","454","0b4d4df462ed6dc37a62779b9f2d7a191e9fa5ce1d02fd801e05b420e441dbdc","GENERATED_NOT_VENDORED"
"reports/retrieval_ablation/ablate_batio3/metadata/attempt_001.cif","454","0b4d4df462ed6dc37a62779b9f2d7a191e9fa5ce1d02fd801e05b420e441dbdc","GENERATED_NOT_VENDORED"
"reports/retrieval_ablation/ablate_batio3/none/attempt_001.cif","454","0b4d4df462ed6dc37a62779b9f2d7a191e9fa5ce1d02fd801e05b420e441dbdc","GENERATED_NOT_VENDORED"
"reports/retrieval_ablation/ablate_nio/evidence_spp/attempt_001.cif","454","0b4d4df462ed6dc37a62779b9f2d7a191e9fa5ce1d02fd801e05b420e441dbdc","GENERATED_NOT_VENDORED"
"reports/retrieval_ablation/ablate_nio/metadata/attempt_001.cif","454","0b4d4df462ed6dc37a62779b9f2d7a191e9fa5ce1d02fd801e05b420e441dbdc","GENERATED_NOT_VENDORED"
"reports/retrieval_ablation/ablate_nio/none/attempt_001.cif","454","0b4d4df462ed6dc37a62779b9f2d7a191e9fa5ce1d02fd801e05b420e441dbdc","GENERATED_NOT_VENDORED"
"reports/retrieval_ablation_report.md","449","98162f81c51446fbc22ba816517487d03577ee79798cc1588747b6c62d4aaed7","GENERATED_NOT_VENDORED"
"reports/retrieval_ablation_summary.csv","1777","98e7aaf0a59ba9a29327cde8bdf6d8356718476d06c8b3df988116962af3e148","GENERATED_NOT_VENDORED"
"reports/retrieval_ablation_summary.json","5950","fa59d0c6931e5a8fe30c1a0a0a788b719247f3b49364c1e5635caa5fca49792b","GENERATED_NOT_VENDORED"
"reports/run_bundle_inspection.csv","808","b77bbfcdeddb7b307a606482440f98b81166027996625d5faca7565a7fd90794","GENERATED_NOT_VENDORED"
"reports/run_bundle_inspection.json","1134","46bfff0944b07277b48148233637b070981d8be5c9129ec6a4cd63c75eff2d6e","GENERATED_NOT_VENDORED"
"reports/run_bundle_inspection.md","301","93b6308a2c10355c8b7fb6ee34201671c5628e943bcd35316b8fd909b5905aab","GENERATED_NOT_VENDORED"
"reports/traceable_bundle_conversion_summary.csv","2054","8115baa12de23e70741ee577f43dfcbd61add800b933294658c71daab7b76af6","GENERATED_NOT_VENDORED"
"reports/traceable_bundles/cif_only/bundle.json","1350","94068abdf24c33efa3968a59f8242ee17639e4ebb2834fdc3330db369f1a72b5","GENERATED_NOT_VENDORED"
"reports/traceable_bundles/cif_only/bundle_manifest.csv","347","b937b026ae56c6eae34fa3720e244d511a49c3aae8664c6b8c60cfc0267e5985","GENERATED_NOT_VENDORED"
"reports/traceable_bundles/cif_only/cifs/generated.cif","454","0b4d4df462ed6dc37a62779b9f2d7a191e9fa5ce1d02fd801e05b420e441dbdc","GENERATED_NOT_VENDORED"
"reports/traceable_bundles/cif_only/generated_candidates.json","281","28dc1bc21b81ea9dbf0fb0220d0cd348c1dc7bb309673d80aae72d0f363fd6bd","GENERATED_NOT_VENDORED"
"reports/traceable_bundles/complete_run/bundle.json","4912","690c4f0ddfc12a7fd834bbb2796f623d12da596ef23cb39884f894c6982eed9c","GENERATED_NOT_VENDORED"
"reports/traceable_bundles/complete_run/bundle_inspection.csv","803","b5cfb53fe86438bcf97051a156a9a923cb2078289a9df2309a583ecaf82b8187","GENERATED_NOT_VENDORED"
"reports/traceable_bundles/complete_run/bundle_inspection.json","1129","1533e8910097dd0b7dcc615dfef916a74143a0c70fef9383e92476f77736ec1f","GENERATED_NOT_VENDORED"
"reports/traceable_bundles/complete_run/bundle_manifest.csv","220","74a61ad47001fceea6fc2fecbb4b3e026fc1fbd9e0f8222bec7721f290eca4d4","GENERATED_NOT_VENDORED"
"reports/traceable_bundles/complete_run/cifs/candidate_001.cif","454","0b4d4df462ed6dc37a62779b9f2d7a191e9fa5ce1d02fd801e05b420e441dbdc","GENERATED_NOT_VENDORED"
"reports/traceable_bundles/complete_run/constraint_trace.json","496","6cedc89ebb026ea55e9adfc8d8ee550843bac1424ee5ea389fc42ecfdc05670f","GENERATED_NOT_VENDORED"
"reports/traceable_bundles/complete_run/diagnostics_trace.json","178","5e0c1cc2c5b181c9db1754589e5a654e868c79a1ae8bbce196d5af5a4fc1e812","GENERATED_NOT_VENDORED"
"reports/traceable_bundles/complete_run/environment.json","25","0aeb17429581df040f7089f97626c8aef4e64ccc188b18a372f1b3175912bf81","GENERATED_NOT_VENDORED"
"reports/traceable_bundles/complete_run/final_decision.json","208","40dc9768a96bc6bcc84017e441a5a37c2b12c6b30f5488a3772746efbc4c99cd","GENERATED_NOT_VENDORED"
"reports/traceable_bundles/complete_run/generated_candidates.json","293","963591f10ddc52dffa273bf71ba57ca0c770731dcd1f12db79b3b0384f9a50b5","GENERATED_NOT_VENDORED"
"reports/traceable_bundles/complete_run/generator_config.json","31","84a61df2bb5a45aa7e22d648990f69d9d60e0547b92c9f964769217bbe221281","GENERATED_NOT_VENDORED"
"reports/traceable_bundles/complete_run/prompt.txt","49","44aa135b24089b729d6ddcafb4c05c9b67071a3358ddfc1c72765b1243fb23ee","GENERATED_NOT_VENDORED"
"reports/traceable_bundles/complete_run/relaxation_trace.json","173","e4e728da633d8b69d35540977091eace6b965c6e0393f8857f9ff4b5205a7c69","GENERATED_NOT_VENDORED"
"reports/traceable_bundles/complete_run/retrieval_config.json","28","390d463cd2c258f9838684c4c9749f97565dab23df538e07e058dc9aef6e0231","GENERATED_NOT_VENDORED"
"reports/traceable_bundles/complete_run/retrieval_trace.json","411","fcf9ebda5152d9e063540cb7bd2333781293c1359a87ce1d559ed1ed7a2568e7","GENERATED_NOT_VENDORED"
"reports/traceable_bundles/complete_run/solver_config.json","25","7384bd06d8b07eb18ceca74a2ac90ea4117840dc48af0e3f162205b565393acb","GENERATED_NOT_VENDORED"
"reports/traceable_bundles/complete_run/solver_trace.json","266","e1894c7dc5a1af0090aabb4c86ee19f439bb8b6a4b57b9e151722affa795de36","GENERATED_NOT_VENDORED"
"reports/traceable_bundles/complete_run/spp_trace.json","240","93acb9748c967cadf22c616b54cea23ddcfe29d0989c9ab52ee9a3077c7731af","GENERATED_NOT_VENDORED"
"reports/traceable_bundles/complete_run/structured_intent.json","635","bde98648fad365a7ac0f85307cd5f6f47a461baebd74f2f123fdd1e5ddebeab7","GENERATED_NOT_VENDORED"
"reports/traceable_bundles/complete_run/validation_trace.json","178","b693a7ffea3ea8efa1484f60dce0748a123894e27d9e6c70d9830ffebb8397ec","GENERATED_NOT_VENDORED"
"reports/traceable_bundles/complete_run_inspection.md","277","326e44ec34dca63f488f684a1742d41d1090e09514075f89621da9813289ab7d","GENERATED_NOT_VENDORED"
"reports/traceable_bundles/invalid_json/bundle.json","2000","1e15c5444c82e0363567fcf1d098926ba59260216c4f08f0ede36ecfa0f3f81a","GENERATED_NOT_VENDORED"
"reports/traceable_bundles/invalid_json/bundle_manifest.csv","424","6c5eb709de387cfbde5b6dc9bd2764ac2bfc26b796f9edb0472572cd013c0d6f","GENERATED_NOT_VENDORED"
"reports/traceable_bundles/invalid_json/cifs/candidate.cif","454","0b4d4df462ed6dc37a62779b9f2d7a191e9fa5ce1d02fd801e05b420e441dbdc","GENERATED_NOT_VENDORED"
"reports/traceable_bundles/invalid_json/generated_candidates.json","285","fa671388d56bc8e01b018443f596064ca0220b27d8b2322760b36c0b39371332","GENERATED_NOT_VENDORED"
"reports/traceable_bundles/invalid_json/prompt.txt","32","8f3e5e8c96ac26c1a4eb2a235297e47ba913c7d9c502324ef65ec9244d1b813a","GENERATED_NOT_VENDORED"
"reports/traceable_bundles/invalid_json/solver_trace.json","328","e959350c248bb23635c366bfbdf8c3d811b69279f08f0bf0af41fbdbd7647b1d","GENERATED_NOT_VENDORED"
"reports/traceable_bundles/missing_retrieval/bundle.json","1784","ad45511be7b7a78ef5eb6e3745cffd69859141baf2aaec2d1be7bcaf92c76191","GENERATED_NOT_VENDORED"
"reports/traceable_bundles/missing_retrieval/bundle_manifest.csv","363","1e7d31d05581c64f94adefdde1e253ae9b1a5ad075cc346bae65334ed8cf4101","GENERATED_NOT_VENDORED"
"reports/traceable_bundles/missing_retrieval/cifs/candidate.cif","454","0b4d4df462ed6dc37a62779b9f2d7a191e9fa5ce1d02fd801e05b420e441dbdc","GENERATED_NOT_VENDORED"
"reports/traceable_bundles/missing_retrieval/generated_candidates.json","290","4f488760182f772107e3913758139d2187a4960a92f00ef5d60e56c5db0c6732","GENERATED_NOT_VENDORED"
"reports/traceable_bundles/missing_retrieval/prompt.txt","24","06774bb71968affc6e827897f8cb43dab5aefa3bdb772e2ab252c06e8c7c7e0d","GENERATED_NOT_VENDORED"
"reports/traceable_bundles/missing_retrieval/solver_trace.json","261","1ef32ac2fa82953fcd97b499c79a4f40c6d548bcf2178a131b4e5408b7248c1d","GENERATED_NOT_VENDORED"
"reports/traceable_bundles/missing_solver/bundle.json","1903","d2e4133da2568909d315e2cd65e53296d5bbe644a9f65f8432cb4e087ab1f56a","GENERATED_NOT_VENDORED"
"reports/traceable_bundles/missing_solver/bundle_manifest.csv","348","ee842cad8480df9b3d9edc945be3213a26dbba8566bcbec15cae46e508049e84","GENERATED_NOT_VENDORED"
"reports/traceable_bundles/missing_solver/cifs/candidate.cif","454","0b4d4df462ed6dc37a62779b9f2d7a191e9fa5ce1d02fd801e05b420e441dbdc","GENERATED_NOT_VENDORED"
"reports/traceable_bundles/missing_solver/generated_candidates.json","287","77a6ae9d98110ef571bc02656bc0c367915336880404571af32d1111a9d57403","GENERATED_NOT_VENDORED"
"reports/traceable_bundles/missing_solver/prompt.txt","25","d52a8602e885418ca89ab04cb7032c419fb35067075e4991bae4f83234536094","GENERATED_NOT_VENDORED"
"reports/traceable_bundles/missing_solver/retrieval_trace.json","381","22f3caf7916b25cc2c815b8cc6d4cb69a43ce471ca73624d942f531648dd4bcf","GENERATED_NOT_VENDORED"
"reports/unique_csp_benchmark_report.md","987","0ee281771909fffcf19039a261ebf70cdba7b4e1aa2e152d644ebc7ce42d3a88","GENERATED_NOT_VENDORED"
"reports/unique_csp_benchmark_summary.csv","755","8aa7fec98c5a5fecdf81734eb400fc1bb710f6446abecadb69998a3f100bca41","GENERATED_NOT_VENDORED"
"reports/unique_csp_benchmark_summary.json","10215","0f9e32331aea25c2b267d2345675517b8c4a53a756a3774be7b798589ab8524b","GENERATED_NOT_VENDORED"
"reports/unique_csp_real_report.md","986","d506302ceef692505732fb656d413532447b9176c86c3376185c6b22fa67f063","GENERATED_NOT_VENDORED"
"reports/unique_csp_real_summary.csv","782","db5744e04c8569d5fdc3f91c929a7cbff9584ff870a6e434b39f284635fdde9c","GENERATED_NOT_VENDORED"
"reports/unique_csp_real_summary.json","26295","57800b54cc61fff7a78a0fd252cc32f948a41c206e63e9322e9100739f96f3d8","GENERATED_NOT_VENDORED"
"requirements.txt","181","b907cacb543c45a6c2300e20e613b43ed62f928e123429c6636f7c6b90475cb7","PROJECT_METADATA"
"requirements-advanced-mlip.txt","561","a3b4a9690b1b061f66ee9ae521e3394766ba7a62981db87b382dd8cd31a7eb86","PROJECT_METADATA"
"requirements-dev.txt","45","c1bce49c9dd94b813b3feaf67d8536f56ec07737a29b1ef929d302fc5921463f","PROJECT_METADATA"
"sca/__init__.py","193","40283f6daf9e7601c8f9daf9beb94f17306d7c291bedbcd5d6c3ed8eb6cb2615","PYTHON_RUNTIME"
"sca/advanced_analysis.py","7343","ed4ee65e16e6b986b89ad6d735144ddf289e27165cbd9b6d320db90d1a5e71fd","PYTHON_RUNTIME"
"sca/backends.py","4541","2357c4a1102f5c52fa9144e7d528237f95fe1c9194108ee7bab1b878ee0d3b3a","PYTHON_RUNTIME"
"sca/batch.py","4627","820c2ff2ac1ffbed66ed814bfc1a252e05bef1598193c5c74190ce77af7021e4","PYTHON_RUNTIME"
"sca/benchmark.py","21106","018c8f1aab30eb0485b24865c5c90fd2b3cfce03419274dd660e96d14b2460cd","PYTHON_RUNTIME"
"sca/benchmark_protocols/__init__.py","61","58cb17197614440b18cf71fed1fb3c41bcfb1769949b7f48d69b71e265a4edb1","PYTHON_RUNTIME"
"sca/benchmark_protocols/direct.py","10719","8140121a87a0e48873ed49732d035ccd630b2cc7b88f3eb7d24675fa3f153bdb","PYTHON_RUNTIME"
"sca/benchmark_protocols/e2e.py","8036","794d103d0fa5079af98881db3c8800fd052858efe15128c86399a0cc5facf3ef","PYTHON_RUNTIME"
"sca/benchmark_protocols/e2e_intent_runner.py","25076","e4c617e0e609950bb7a91ccceb736cff234f068454fa0030746d99f06a0e688f","PYTHON_RUNTIME"
"sca/benchmark_protocols/intent_prompts.py","10228","c0d1cd147a21a4e9d096dcb133674b375f0b9e360e32c5a64a2cacc0eb5dcad9","PYTHON_RUNTIME"
"sca/benchmark_protocols/literature_comparison.py","25943","51786abc4a13ba51d77e40ccad543875fdf9a39cfb9ce045622656fd7b0fe5ad","PYTHON_RUNTIME"
"sca/benchmark_protocols/literature_values.py","8126","af6d218fbe1166520ecca7ee02ed3cd13b16109a8a2ef127ea3cfa94d88724f9","PYTHON_RUNTIME"
"sca/benchmark_protocols/metrics.py","19108","3adbf7de437d3c6d723fd87c8516ace18fc93678341e9a3f4f200f95fc6ad03e","PYTHON_RUNTIME"
"sca/benchmark_protocols/registry.py","1153","7fb3a9049ac54db47dc5fe18c3937751d2970190798cfdeaa98a34cdbd97e558","PYTHON_RUNTIME"
"sca/benchmark_protocols/schema.py","1626","b67c6a05bd4430f0657d2550ff3adc81894e74949e173d98e61bd58d9fcd14c1","PYTHON_RUNTIME"
"sca/benchmark_protocols/sun.py","20588","ce5e7f7d9e02b5da14c1faa2583bea9ff7f6cdf8aa3743e3ee627eea17d6bd4a","PYTHON_RUNTIME"
"sca/benchmark_protocols/symmetry_intent.py","18516","d9550ba0f8cba43a5288e6ce7853df774989cc008558385fe5912d1e22e0114d","PYTHON_RUNTIME"
"sca/cli.py","64980","b63f58f699ed6eedff478e1563f0d85d46ab31c31f7bc16365acac6617fb2c0a","PYTHON_RUNTIME"
"sca/dft/__init__.py","524","b6963dfaf8397abc63d6e3cc8e5775132c5d2b3306e05e649f3050cbc54d761f","PYTHON_RUNTIME"
"sca/dft/analysis/__init__.py","462","9003ac0110e3415683370bff7a6d5fd7e2c4dea74a00a759c2917719ec7d35a4","PYTHON_RUNTIME"
"sca/dft/analysis/formation_energy.py","2361","c168cb9dec299997651f246abae428980c01b9fe0c5a625bcd4938addd2e33f5","PYTHON_RUNTIME"
"sca/dft/analysis/hull.py","4042","c23f71e771c7add16e6286742b66dc1ec16760cf9652e4bb4188ba01565e0ae9","PYTHON_RUNTIME"
"sca/dft/analysis/transition.py","2817","1eda982a4705db5b13e6ae4833051ab7d9a4eea387c6edd5a04f447ace5b032e","PYTHON_RUNTIME"
"sca/dft/backends/__init__.py","414","879681fb185a5b0030370c1b8835c7de7af874a7aadc12063519b87521a2fb9a","PYTHON_RUNTIME"
"sca/dft/backends/base.py","1295","e69404ea014fe6ce48197cd6d625870b9c0a391d35cb919354a4efd11d46b7c1","PYTHON_RUNTIME"
"sca/dft/backends/castep.py","11112","7182079d00a1c27788def83f135a5b17bf66df2cfa047912368a222bb02475e7","PYTHON_RUNTIME"
"sca/dft/compatibility.py","2476","3a700aeb6be70bb4822711208e93494c39c9fe222b2204d1e30e51b1a34fd3b3","PYTHON_RUNTIME"
"sca/dft/io.py","1969","425c357c649fd65b784ba7b75bbcfd29b5237d125967619189f2375e5a9d15f8","PYTHON_RUNTIME"
"sca/dft/schema.py","5444","89335fdf603f9ce4e1ddd4956d6e8e8e8e4a8f4ded834d169eb91a9b33693640","PYTHON_RUNTIME"
"sca/dft/slurm/__init__.py","302","5ee518b64fa224b51bf64534fa123beefcc385208845cadc8463706b8e585087","PYTHON_RUNTIME"
"sca/dft/slurm/render.py","4276","4fe8a187bf7d00f71ed1e489b7f0baa8ccd17f09e674e9095b090ff3ae2d6594","PYTHON_RUNTIME"
"sca/dft/slurm/schema.py","552","02a64d1786bcd337151b56228a805b1a98317a1a160dde1852fbc99fd20fd378","PYTHON_RUNTIME"
"sca/dft/workflow.py","5771","c6164a773471d9d2e310c58476479f3a8c169f6c21ec90630930c4717863ec55","PYTHON_RUNTIME"
"sca/electronic_stack.py","23589","1ceb6a3c69e244533d1c859d1fbd72a1f9d25df635af6be1e2f087e7b9325ac2","PYTHON_RUNTIME"
"sca/evaluators/__init__.py","251","7ebe799a2065e8ed893680063ec8af908456dd2026740cf1e2586898aadd0a4d","PYTHON_RUNTIME"
"sca/evaluators/alignn.py","8423","13ebb6a9e411bd54932121a37b9394a38178d0aeadece9673249c205a2a23a26","PYTHON_RUNTIME"
"sca/evaluators/alignn_benchmark.py","1449","dc6f0d6df5911fe7a11633b72e85b4cb72fd8f55975c940f5fa275d972f9410d","PYTHON_RUNTIME"
"sca/evaluators/base.py","759","42dffaa36dada4fae537ef31b918a80b14f74496b3a632fe6408a59a803ee43b","PYTHON_RUNTIME"
"sca/evaluators/bonds.py","3076","03c9bee5c81e0bebb7b52c28c2a22e6d31364cc9519c005f9c7abc77002a0f79","PYTHON_RUNTIME"
"sca/evaluators/chgnet.py","6229","9815610d8c420d7d84f71dd8e61ef7437aec95c4de347df4f03fd3031634cfd3","PYTHON_RUNTIME"
"sca/evaluators/chgnet_relax.py","9756","5ddb004ee18920c3a4c4ffa77f86dc37deacfad5e164bddcb7a3a016fa283e74","PYTHON_RUNTIME"
"sca/evaluators/cif_parse.py","2574","b6fa33f62aaedab28022211bffde45b5633de4d757df2bbec3371bab6e8d1df3","PYTHON_RUNTIME"
"sca/evaluators/composition.py","1332","5f27c848c28a4c11ac142655b2e8ac3333d68ed37dad765683ace221395d6267","PYTHON_RUNTIME"
"sca/evaluators/geometry.py","1752","b52b873fe2ab266508a082168eb4fc145bfaefe9a53aed30b32bf8198ae2ebc6","PYTHON_RUNTIME"
"sca/evaluators/intent_satisfaction.py","14308","ec9e4c3613056d49f6fee9696d5e98a1429baaa81478af135ac0c2a6f9961332","PYTHON_RUNTIME"
"sca/evaluators/mlip.py","19543","e3a97c3bc2c6bda86ae724d72d300521567c9d0ec45848be98ecb6cf1e10f2a7","PYTHON_RUNTIME"
"sca/evaluators/multiplicity.py","2544","4c855245ed010f31db2d6b4cb3f337ee4caf3523c63996af01a3b89ebfd7ccd0","PYTHON_RUNTIME"
"sca/evaluators/novelty.py","3458","9b6fac635640c34bb461662a218d5bed4d33329ee2fbfcee5b119840cace9208","PYTHON_RUNTIME"
"sca/evaluators/novelty_benchmark.py","2700","4c73e52effe70ac6fc092917506774c391e0d56153d53e3f14d43629017aefb3","PYTHON_RUNTIME"
"sca/evaluators/pre_dft_validity.py","2295","309b6e94679512ced007fb4eb22e160702d57f2705ab00a954e0e027deea7340","PYTHON_RUNTIME"
"sca/evaluators/property.py","9481","3c5fa1b6f10365a008a7790ca52382b22ba366230dc2363dc294297261a087b0","PYTHON_RUNTIME"
"sca/evaluators/registry.py","8895","7284641dc0396244703869821d2aa222059f068522c9913972bee5c0697e1703","PYTHON_RUNTIME"
"sca/evaluators/relaxation_intent_retention.py","6216","3149a0663bfb35d6ad483563eccb03657a7c3b468633a3c40b47beff5dea6258","PYTHON_RUNTIME"
"sca/evaluators/spp.py","7104","c972873b89dcc6ebff02ffc6d0763d491ee4c6ca607bb390805e4ca81f5e1f28","PYTHON_RUNTIME"
"sca/evaluators/structure_match.py","6375","a76a054019765a2d332f467f3bda2e7cb99e0a0f9b1c8222dae2cd3dc451714c","PYTHON_RUNTIME"
"sca/evaluators/symmetry.py","4037","6c97886cdb7d6c4b6a8eea2787dfcadeb620de5c7b1eef27cb4bafd962d06fb7","PYTHON_RUNTIME"
"sca/evaluators/topology.py","12772","cc49d710066d391c3bdde59a2fa31c188fcd916e7b7b42237f01264c549551e4","PYTHON_RUNTIME"
"sca/evaluators/unique_csp.py","24061","b65d02a4720c8af97e24f44e28e5e2557e8be23017d5d98c02be82b781a9cbbe","PYTHON_RUNTIME"
"sca/evaluators/uniqueness.py","2033","e57485e09ce489dfbcf34cb7a4e254d605ddd64b3c33a1868e8691f59c74340c","PYTHON_RUNTIME"
"sca/io.py","4264","a7de9fcd4664007fd6a3e7ecad4a4a518984f263e85f1e9d01cacee527be4bf2","PYTHON_RUNTIME"
"sca/paper_benchmarks/__init__.py","63","c7d8f2cbab49806ff44e0699857d8c98a806278b5a30fbeb7fd2b0759ed24bcb","PYTHON_RUNTIME"
"sca/paper_benchmarks/comparators.py","2382","659feb08fb6c25f6e805cb62de71cb298dfccec1ee1d8b95d2d1604c36e1b4dc","PYTHON_RUNTIME"
"sca/paper_benchmarks/diagnostics.py","16894","0b77ee0a4c748404af3adf0d2d610188f449be5f4d53ab08855a8d1d4014f8e7","PYTHON_RUNTIME"
"sca/paper_benchmarks/manifest_builder.py","14630","22db70837f9c3c75e44a5d99f878683464ba53001ea612bdfd603401bd05bbeb","PYTHON_RUNTIME"
"sca/paper_benchmarks/schema.py","9175","8a2c559535a182686cae56bb7e430d41d254b3a906588ecdd213460da7617cef","PYTHON_RUNTIME"
"sca/paper_benchmarks/summary.py","30569","f7de818eb4ac47942944c71758e7571aea664adab87add3c11af28c1670ce9fe","PYTHON_RUNTIME"
"sca/pipelines/__init__.py","125","704dd2aa71c6e0afda1307602a2a500ddaa51b40a321d217e4b682042dbdde5e","PYTHON_RUNTIME"
"sca/pipelines/crystallm_style.py","7143","975296980653f6921b1f559cf70fb75e74316728b66803db21bee79abf4d3e6f","PYTHON_RUNTIME"
"sca/schemas.py","10760","edb51cde3a03ab96693f30a21fee602d6bf9c9a20f76ae38bbab98e37da41e2c","PYTHON_RUNTIME"
"sca/scoring.py","1553","5157ad1852bcc00d4d77e41fcd302f810bbd3601b8e3855ff1af4fa7fddeacaa","PYTHON_RUNTIME"
"sca/spp/__init__.py","45","64b47cc2997e1d7c21229c4a71dc0a00fa9fad1bb96994dcb231e17c052540d3","PYTHON_RUNTIME"
"sca/spp/schema.py","2928","60431cacbc2087a35d106ddc5e8acdb9c5a995f0c695336fea42a71e851dcf04","PYTHON_RUNTIME"
"sca/structure_transition.py","5255","90764b2aeaa4d45f5e14292b1c06a6540c545e40ab085e3eb1ef6e0b5c36ae9d","PYTHON_RUNTIME"
"sca/traceability/__init__.py","264","35ad9364e943df3e4d7114be2f35dc951bffff4c0e61cfdaa63154c098b1de1c","PYTHON_RUNTIME"
"sca/traceability/adapters/__init__.py","308","cecb2b16f4636c6386675036ff1000d0653cb70ae2037ad8a97af7dac087293c","PYTHON_RUNTIME"
"sca/traceability/adapters/llm_csp_archive.py","19676","fa1b691f7fa9a812ca67da65d550090acb3baecf0ece81f8f4d670f82b5d1cf3","PYTHON_RUNTIME"
"sca/traceability/io.py","6488","1ba7965f2568d5ddc6c0e5cca2e91e48831b5d0068f0900e66bd2bb872c81473","PYTHON_RUNTIME"
"sca/traceability/reports.py","2065","a4dd56a0bbefeb393973c46fb6038879838e9250a4074dd6ba278b50fedcd09d","PYTHON_RUNTIME"
"sca/traceability/schema.py","4931","72b28a6810196b3201d31f0a7c528f74d39f9effe7c664d8820b6c98a85e63d0","PYTHON_RUNTIME"
"sca/unique_benchmarks/__init__.py","424","7ad53cac2d8d3f6dde89c3eb064397cad28e8d1f8a00cf947a3adca0c5e87a3e","PYTHON_RUNTIME"
"sca/unique_benchmarks/repairability.py","6191","f929fdd8d96ded58bd6da3f82599b3021e444cc4899f6bbe31a6647fb0f01c76","PYTHON_RUNTIME"
"sca/unique_benchmarks/retrieval_ablation.py","6231","8a59e736c965122ffc28fc0a398828185b395c66f4f9df698c43a646d1d553c3","PYTHON_RUNTIME"
"sca/unique_benchmarks/summary.py","8766","897eda580647afd1920f5cc3e0adbfa0ab9e9f4e8263863b41176b74497c1bf7","PYTHON_RUNTIME"
"scripts/build_paper_reference_cifs.py","9043","1d1450dc716701002589348004ef0558c15cf42538cb81741e61bd064729c14d","RESEARCH_SCRIPT_NOT_DISTRIBUTED"
"scripts/check_matgl_static.py","1517","59b391707707d140ebc964e35b06a74c26b55cc0290921d39564e5be7535b365","RESEARCH_SCRIPT_NOT_DISTRIBUTED"
"scripts/run_paper_chgnet_relaxation.py","39104","5c90c9eade6863112717be9e34539218b7b120f70011880e35150d01001952f9","RESEARCH_SCRIPT_NOT_DISTRIBUTED"
"scripts/run_paper_experiments_full_sca.py","36521","aa0f057287b6b08ec1be9f189438160652c14df2f8b32773bb78b6a9cc1852c4","RESEARCH_SCRIPT_NOT_DISTRIBUTED"
"scripts/run_paper_full_sca_v1.py","73511","4b42728d0bf978859e4af9cdc3d113767d7c721286139a856b831c0fecdf213c","RESEARCH_SCRIPT_NOT_DISTRIBUTED"
"scripts/validate_nasicon_demo_geometry.py","1293","e79bfcdb36d506b601787bec4704f575a729367c2b3297a0b46ebfd52dd641f1","RESEARCH_SCRIPT_NOT_DISTRIBUTED"
"tests/fixtures/dft/not_converged.castep","100","77042c0ba4255ceeb192b025876049d5d19adcfdb7c5895afc4ba0039d4e5c80","SOURCE_TEST"
"tests/fixtures/dft/success.castep","183","9649f78de539937558d83dd74c507c464e61638e646068b887ea416b80409e7e","SOURCE_TEST"
"tests/fixtures/dft/timeout.castep","75","ca7709f16abfa80c91b391bfd7a20effc394538600dcaec4fcce1c6331fba0af","SOURCE_TEST"
"tests/fixtures/fake_generator.py","1332","7e9098326ea27aa71a8239812500420c4bd583735589b6156047b1fef3feb684","SOURCE_TEST"
"tests/fixtures/fake_repair.py","1640","4d8393ecd5e5a1bff388e020042b8ba36c3b90695ca306be058e90ddc2d629c2","SOURCE_TEST"
"tests/fixtures/fake_skill_loop_intent_generator.py","3124","5ad4214b0e719ea58afe0e23e8c1a60338a855348e356a88c82f165b22d26077","SOURCE_TEST"
"tests/fixtures/malformed.cif","51","9b6ff8f8bebb04db5795aa045928bcb3ceaee989d06adcf6be0a3bd29c3cade6","SOURCE_TEST"
"tests/fixtures/multiplicity_bad.cif","496","eacd343e887c58f4f71716c19e94474e9cd1b394d9bda2236b116690a486c8ac","SOURCE_TEST"
"tests/fixtures/paper_benchmarks/manifest.csv","400","4ecf7b813c7d41a6f381ff99588dfeb7b708e4375e2eafd837495aabe1081f03","SOURCE_TEST"
"tests/fixtures/paper_benchmarks/results_ae.csv","1525","b266dd3cada56e17b38625867c6ecfaca2bb8f72ec57dc1498a94f91da1de7f5","SOURCE_TEST"
"tests/fixtures/paper_benchmarks/results_missing.csv","67","eed39dbb93117c227314250308ffbffac9c4d8f8b6598f9c04e4a442c2e4dc1a","SOURCE_TEST"
"tests/fixtures/run_archives/cif_only/generated.cif","454","0b4d4df462ed6dc37a62779b9f2d7a191e9fa5ce1d02fd801e05b420e441dbdc","SOURCE_TEST"
"tests/fixtures/run_archives/complete_run/candidate_001.cif","454","0b4d4df462ed6dc37a62779b9f2d7a191e9fa5ce1d02fd801e05b420e441dbdc","SOURCE_TEST"
"tests/fixtures/run_archives/complete_run/constraints.json","318","4806700a0cff297058c5d0d9a1ab8f26fd05a46e18177b07a4e409643671f655","SOURCE_TEST"
"tests/fixtures/run_archives/complete_run/diagnostics_report.json","24","da49087eb683645ff5385c62d4eaa069b25b5acb4509f998f421685c214d5479","SOURCE_TEST"
"tests/fixtures/run_archives/complete_run/environment.json","25","0aeb17429581df040f7089f97626c8aef4e64ccc188b18a372f1b3175912bf81","SOURCE_TEST"
"tests/fixtures/run_archives/complete_run/final_decision.json","140","3fbe3671f87e7dc5228aebb99243f06ec8bce0448532fe6cba9df74da8fa4021","SOURCE_TEST"
"tests/fixtures/run_archives/complete_run/generator_config.json","31","84a61df2bb5a45aa7e22d648990f69d9d60e0547b92c9f964769217bbe221281","SOURCE_TEST"
"tests/fixtures/run_archives/complete_run/prompt.txt","49","44aa135b24089b729d6ddcafb4c05c9b67071a3358ddfc1c72765b1243fb23ee","SOURCE_TEST"
"tests/fixtures/run_archives/complete_run/qlip_retrieval_results.json","232","46e6bde5bb8a87c540a48e73192154ce5d5042b7f208b459602581ddc6f5103c","SOURCE_TEST"
"tests/fixtures/run_archives/complete_run/qlip_solve.json","155","2a547f0b974da89ce37c42e80d66b7d4c844037b50c2dff960ed058687f7c0d4","SOURCE_TEST"
"tests/fixtures/run_archives/complete_run/relaxation_report.json","20","69d319ed239112ae6b3232f5efbfbac164457b81eba278ee06f72832da4b9cbc","SOURCE_TEST"
"tests/fixtures/run_archives/complete_run/retrieval_config.json","28","390d463cd2c258f9838684c4c9749f97565dab23df538e07e058dc9aef6e0231","SOURCE_TEST"
"tests/fixtures/run_archives/complete_run/solver_config.json","25","7384bd06d8b07eb18ceca74a2ac90ea4117840dc48af0e3f162205b565393acb","SOURCE_TEST"
"tests/fixtures/run_archives/complete_run/spp_pairs.json","146","f74dd040e952084faae632ad57a20ce97b9e5551f6a57143ff867d67c580ace9","SOURCE_TEST"
"tests/fixtures/run_archives/complete_run/structured_intent.json","416","d4e0cb530363c323c0a797039d6da2bd3520072c82e1a2b8e17a2c8275b1cb6a","SOURCE_TEST"
"tests/fixtures/run_archives/complete_run/validation_report.json","25","e29619c72ec0e8cfce03cdc8b0592c423b8562d49ff1fe8e43a10261ae0f55c6","SOURCE_TEST"
"tests/fixtures/run_archives/invalid_json/candidate.cif","454","0b4d4df462ed6dc37a62779b9f2d7a191e9fa5ce1d02fd801e05b420e441dbdc","SOURCE_TEST"
"tests/fixtures/run_archives/invalid_json/prompt.txt","32","8f3e5e8c96ac26c1a4eb2a235297e47ba913c7d9c502324ef65ec9244d1b813a","SOURCE_TEST"
"tests/fixtures/run_archives/invalid_json/retrieval_trace.json","17","6d9550714566cdca0e2fae1f5050622a75f951772393bbccf99e935e460cea0a","SOURCE_TEST"
"tests/fixtures/run_archives/missing_retrieval/candidate.cif","454","0b4d4df462ed6dc37a62779b9f2d7a191e9fa5ce1d02fd801e05b420e441dbdc","SOURCE_TEST"
"tests/fixtures/run_archives/missing_retrieval/prompt.txt","24","06774bb71968affc6e827897f8cb43dab5aefa3bdb772e2ab252c06e8c7c7e0d","SOURCE_TEST"
"tests/fixtures/run_archives/missing_retrieval/solver_trace.json","91","1a6629d47321cf67f8cd281d468cbe97ce3990e0000bb0e1c64dc305b397e5db","SOURCE_TEST"
"tests/fixtures/run_archives/missing_solver/candidate.cif","454","0b4d4df462ed6dc37a62779b9f2d7a191e9fa5ce1d02fd801e05b420e441dbdc","SOURCE_TEST"
"tests/fixtures/run_archives/missing_solver/prompt.txt","25","d52a8602e885418ca89ab04cb7032c419fb35067075e4991bae4f83234536094","SOURCE_TEST"
"tests/fixtures/run_archives/missing_solver/retrieval_trace.json","105","6fb4bbe4ff32806d07c17f3930f2c8cc3d66798e58de9dc7f5b67af065b55619","SOURCE_TEST"
"tests/fixtures/short_contact.cif","447","d70aa1bb8b4520e5c19e80000a35c024ccff1fc408b13d2ccda37e10a26fca8f","SOURCE_TEST"
"tests/fixtures/tiny_valid.cif","454","0b4d4df462ed6dc37a62779b9f2d7a191e9fa5ce1d02fd801e05b420e441dbdc","SOURCE_TEST"
"tests/fixtures/tiny_valid_copy.cif","459","dfccbe64f52c5bba53679f527991fea08953f2b440856f3b367c6e47216b95b5","SOURCE_TEST"
"tests/fixtures/traceable_run_bundle/candidate.cif","454","0b4d4df462ed6dc37a62779b9f2d7a191e9fa5ce1d02fd801e05b420e441dbdc","SOURCE_TEST"
"tests/fixtures/traceable_run_bundle/constraint_trace.json","810","8fb1259b7ae990c4ac1358044ef09bbe27cdfb6ddf0f672aaaa5dcdd3f44c6b4","SOURCE_TEST"
"tests/fixtures/traceable_run_bundle/diagnostics_trace.json","68","07b7749392e077f1fb121dbad2114c3f9e071175021879ee149a6de029994ca5","SOURCE_TEST"
"tests/fixtures/traceable_run_bundle/environment.json","40","292f1673056ea27e0243365b4b21ff99e70063f6bcfe451a9eff4b03e8710adb","SOURCE_TEST"
"tests/fixtures/traceable_run_bundle/final_decision.json","184","15057c3cddd0defed63b351eecd28702d909868811d9c2317682292ddbd4619f","SOURCE_TEST"
"tests/fixtures/traceable_run_bundle/generated_candidates.json","104","d6c51f75de3e998a54e974e5a170ac753797fd0503cd81f8ae288e1dbe68588d","SOURCE_TEST"
"tests/fixtures/traceable_run_bundle/generator_config.json","41","2ac46897a2d1c5a85425cc2c460bd0bfdcc2fdaa5aa5658a0bc663a6528afdc6","SOURCE_TEST"
"tests/fixtures/traceable_run_bundle/prompt.txt","83","a10f3067e24e55251529761ef00ae9d35646678288318dac77aea204178ad2ef","SOURCE_TEST"
"tests/fixtures/traceable_run_bundle/relaxation_trace.json","63","4e812f67dd380ad0e87fd29ce5c4a8df4c3e471f98da26bfdb6514cd032a8d27","SOURCE_TEST"
"tests/fixtures/traceable_run_bundle/retrieval_config.json","54","085b2b04735bd63e48f57a46dedb23f1b1c7cb4434ea35ecefe47b06af712778","SOURCE_TEST"
"tests/fixtures/traceable_run_bundle/retrieval_trace.json","377","5969e17f26b3bce34bff470ef14974cb4e6e91f69d5041aa1a08d99cee74d13d","SOURCE_TEST"
"tests/fixtures/traceable_run_bundle/solver_config.json","42","5a8a98dd62a163cdda1b2bb952d1a2bcb4751a3ed25f49a9a47246be28c89929","SOURCE_TEST"
"tests/fixtures/traceable_run_bundle/solver_trace.json","169","346797eb684cf1e26fa094bcb4a34cde0a8e825a2acab4b510f8bd346acc92d3","SOURCE_TEST"
"tests/fixtures/traceable_run_bundle/spp_trace.json","230","7a62100a85b23421cbbdcd17f6dda2de376c3a2e8974c4165314f7617fe822a5","SOURCE_TEST"
"tests/fixtures/traceable_run_bundle/structured_intent.json","510","7be6991baf700909ed282b2c9f3a8d81563380956dc929b2fee25bf38bf6d5a1","SOURCE_TEST"
"tests/fixtures/traceable_run_bundle/validation_trace.json","68","1a7f532dae6b685783b40cf209941f853c1b1923b8d990c0a2d9a014c2ccc33b","SOURCE_TEST"
"tests/test_advanced_analysis.py","1539","30d18c98143bbf0478029d7f85b380394f3b66380cad6c43cd512919c5eb569a","SOURCE_TEST"
"tests/test_alignn_mock.py","1582","816f5059034b880a8053f07b7a870d59abc71ee4b6239e7fa0ce07deca476986","SOURCE_TEST"
"tests/test_archive_adapter.py","4756","604f0e482cff98c9e8ccd40f98f5bb7b11f5492f61ae081fecc9816b392f8fc7","SOURCE_TEST"
"tests/test_bonds.py","480","9089e7cab7bae3d6f5ab23ed70a80f6008749197a87d3aea6f014d9a9347f8ae","SOURCE_TEST"
"tests/test_cif_parse.py","1582","2e6030d3218186344c7e45911d9f07a61936b65d7db38efe8241d665b5b00231","SOURCE_TEST"
"tests/test_cli.py","23861","8ca55e288ff84c35985d885036b9530289ddeab9f9f1ec33105d7bc7d16c9936","SOURCE_TEST"
"tests/test_composition.py","705","f3e175b2061d94aeb44b6340e1ed7a80541a2e2b95dd01c49bc80a645953699c","SOURCE_TEST"
"tests/test_crystallm_style_pipeline.py","1056","7ab397f446b4d30f9b5d31139c26c91751514800f1c4210f142b2efe5556fefb","SOURCE_TEST"
"tests/test_dft_stack.py","8123","3d046a2732d1265bdf29a2a7eb8688abfa0c8b3fe7cf2eb468cfb9990f4ac66d","SOURCE_TEST"
"tests/test_electronic_stack.py","3761","beff306f09997bc77a6a80dae0870b02c245c4b56d28d27189d9e2fd0b350e74","SOURCE_TEST"
"tests/test_family_topology.py","3730","aaa9186e8a4f7077ef024df320c352569396fc8d772e836a277cbaedf531e346","SOURCE_TEST"
"tests/test_geometry.py","484","e0df2359b985fd35d0cce282f45d0b843e44e2fe79ee01edbe4d5dcf3a816e44","SOURCE_TEST"
"tests/test_intent_benchmark.py","8927","edb445d4cd8c18bc3cd62e5a98f83593c4add203c85098d626f6f8720f58103b","SOURCE_TEST"
"tests/test_io.py","1524","cee27c4ae6e93ca984357f7bf534136e62b02df1a88fdf090ec4019fc0091006","SOURCE_TEST"
"tests/test_literature_benchmarks.py","9279","f9226d6d2db61ad47319765399ebb45e21eeaf5843a9c3a62e1cfb36e4eef049","SOURCE_TEST"
"tests/test_literature_comparison_report.py","9237","490460a13a63b0d002cc069a084c413848e4786506f2ad8e79c04c523c5271f3","SOURCE_TEST"
"tests/test_manifest_row_artifacts.py","3921","111a7115e82cd8473ef0860f13914565e797e33341a2550841fc77001936e992","SOURCE_TEST"
"tests/test_multiplicity.py","853","38de8c38e366149d30c660eac2a607fffb2c79fd851427136774ac6581b59707","SOURCE_TEST"
"tests/test_novelty.py","769","60abd0996e4c71b005f55cee25afa0fd7bda09f45999ecffa70985b0f6242344","SOURCE_TEST"
"tests/test_optional_backends.py","8869","bb91633c463d61ea6fdee80de2ea34ad238af7f4a2ed977f3ca4bc769258a62c","SOURCE_TEST"
"tests/test_paper_benchmarks.py","16988","881a62f114ad59e88fb0121399808430b21509eaa82dcfcb2bbc995699bb09ba","SOURCE_TEST"
"tests/test_property_hull.py","4843","b98c6cc8d38d3546d42271162196744961305901ea9db24416a5f010b9d8417d","SOURCE_TEST"
"tests/test_schemas.py","1621","86c5f398a298f85ec8f7ee140273ec1382ba20d76d261f8c9b87c405d207204f","SOURCE_TEST"
"tests/test_spp.py","4484","5d54bd9afcff8bc586f0ed2e79b323d89a135fe959f5e95fbc83390d66a2de05","SOURCE_TEST"
"tests/test_sun_benchmark.py","6286","45411516e0918106f134ddc6fda7be06853505ca3cf0683c918e9b98c70ae22f","SOURCE_TEST"
"tests/test_symmetry.py","560","f5cdd495a94ee8a662d2405122a7ee2eb8b662bf3f7d229303bc57d1f7233d75","SOURCE_TEST"
"tests/test_symmetry_intent_benchmark.py","4093","6ffc61cc8114a8527f6e5a7f287220e758ef399915c7ae59b7fbce73a4e9bca9","SOURCE_TEST"
"tests/test_unique_verifiable_csp.py","11064","837322e131e1d2be3a057a862b359ab9c1d239e4eda8846303cf97b10a33236f","SOURCE_TEST"
"tests/test_uniqueness.py","614","22b43d25841487d550c1b5cb8ef853c3dcd86476f6f2e0bb668cdb6bb07f70bd","SOURCE_TEST"
"ticket_stack.md","18629","58cea7b9846bf55bd75a443d9608bc7047c32f805e6abeef8d129114efafb67d","PROJECT_METADATA"
"ticket_stack2.md","24732","3afd577370032eab875aa51b690606102afe04315c01e0c7f4a0ca116e594019","PROJECT_METADATA"
"TICKETS.MD","20415","878c60dfe5364097d0a5ee2655778ce850efbfeb59b4f94359e419a44db1d556","PROJECT_METADATA"
