run_index,case_id,prompt_id,seed,benchmark_mode,input_text,target_formula,target_structure_family,target_space_group,target_crystal_system,chemistry_family,challenge_type,intent_specificity,benchmark_split,expected_formula_terms,expected_family_terms,expected_coordination_terms,expected_connectivity_terms,expected_motifs_or_priors,num_attempts,retrieval_required,spp_required,qlip_required,novelty_required,solver_certificate_required,traceability_required,expected_solver_status,run_archive_dir,notes
1,challenge_001,seed20260626_run001_challenge_001_loose,20260626,loose_design_intent,Generate a plausible BaTiO3 oxide perovskite candidate with the requested chemistry and broad perovskite-like design intent.,BaTiO3,perovskite,Pm-3m or distorted perovskite subgroup,cubic_or_distorted,oxide_perovskite,known_family_control,loose,loose_design_intent,BaTiO3,perovskite structured; oxide perovskite,,,BaTiO3; perovskite structured; oxide perovskite,1,false,false,false,false,false,true,expected_valid,reports/full_100_seeded_20260626/raw_runs/run_001,Loose design-intent row: evaluate broad formula and chemistry-family plausibility; do not require exact structural motif reproduction.
2,challenge_002,seed20260626_run002_challenge_002_loose,20260626,loose_design_intent,Generate a plausible CaTiO3 oxide perovskite candidate with the requested chemistry and broad perovskite-like design intent.,CaTiO3,perovskite,Pm-3m or distorted perovskite subgroup,cubic_or_distorted,oxide_perovskite,known_family_control,loose,loose_design_intent,CaTiO3,perovskite structured; oxide perovskite,,,CaTiO3; perovskite structured; oxide perovskite,1,false,false,false,false,false,true,expected_valid,reports/full_100_seeded_20260626/raw_runs/run_002,Loose design-intent row: evaluate broad formula and chemistry-family plausibility; do not require exact structural motif reproduction.
3,challenge_003,seed20260626_run003_challenge_003_loose,20260626,loose_design_intent,Generate a plausible CoAs2 pnictide arsenide candidate.,CoAs2,pnictide arsenide,not_fixed_benchmark_prompt,not_fixed_benchmark_prompt,pnictide_arsenide,known_family_control,loose,loose_design_intent,CoAs2,pnictide arsenide,,,CoAs2; pnictide arsenide,1,false,false,false,false,false,true,expected_valid,reports/full_100_seeded_20260626/raw_runs/run_003,Loose design-intent row: evaluate broad formula and chemistry-family plausibility; do not require exact structural motif reproduction.
4,challenge_004,seed20260626_run004_challenge_004_loose,20260626,loose_design_intent,Generate a plausible MgAl2O4 oxide spinel candidate with the requested chemistry and broad spinel-like design intent.,MgAl2O4,spinel,Fd-3m,cubic,oxide_spinel,structure_family_transfer,loose,loose_design_intent,MgAl2O4,spinel structured,,,MgAl2O4; spinel structured,1,false,false,false,false,false,true,expected_valid,reports/full_100_seeded_20260626/raw_runs/run_004,Loose design-intent row: evaluate broad formula and chemistry-family plausibility; do not require exact structural motif reproduction.
5,challenge_005,seed20260626_run005_challenge_005_loose,20260626,loose_design_intent,Generate a plausible ZnFe2O4 oxide spinel candidate with the requested chemistry and broad spinel-like design intent.,ZnFe2O4,spinel,Fd-3m,cubic,oxide_spinel,magnetic_oxide,loose,loose_design_intent,ZnFe2O4,spinel structured,,,ZnFe2O4; spinel structured,1,false,false,false,false,false,true,expected_valid,reports/full_100_seeded_20260626/raw_runs/run_005,Loose design-intent row: evaluate broad formula and chemistry-family plausibility; do not require exact structural motif reproduction.
6,challenge_006,seed20260626_run006_challenge_006_loose,20260626,loose_design_intent,Generate a plausible layered LiCoO2 oxide candidate with the requested chemistry.,LiCoO2,layered,layered family dependent,family_dependent,layered_oxide,battery_cathode,loose,loose_design_intent,LiCoO2,layered oxide; layered,,,LiCoO2; layered oxide; layered,1,false,false,false,false,false,true,expected_valid,reports/full_100_seeded_20260626/raw_runs/run_006,Loose design-intent row: evaluate broad formula and chemistry-family plausibility; do not require exact structural motif reproduction.
7,challenge_007,seed20260626_run007_challenge_007_loose,20260626,loose_design_intent,Generate a plausible layered LiNiO2 oxide candidate with the requested chemistry.,LiNiO2,layered,layered family dependent,family_dependent,layered_oxide,battery_cathode,loose,loose_design_intent,LiNiO2,layered oxide; layered,,,LiNiO2; layered oxide; layered,1,false,false,false,false,false,true,expected_valid,reports/full_100_seeded_20260626/raw_runs/run_007,Loose design-intent row: evaluate broad formula and chemistry-family plausibility; do not require exact structural motif reproduction.
8,challenge_008,seed20260626_run008_challenge_008_loose,20260626,loose_design_intent,Generate a plausible LiMn2O4 oxide spinel candidate with the requested chemistry and broad spinel-like design intent.,LiMn2O4,spinel,Fd-3m,cubic,oxide_spinel,battery_cathode,loose,loose_design_intent,LiMn2O4,spinel structured,,,LiMn2O4; spinel structured,1,false,false,false,false,false,true,expected_valid,reports/full_100_seeded_20260626/raw_runs/run_008,Loose design-intent row: evaluate broad formula and chemistry-family plausibility; do not require exact structural motif reproduction.
9,challenge_009,seed20260626_run009_challenge_009_loose,20260626,loose_design_intent,Generate a plausible LiF halide rocksalt candidate with the requested chemistry.,LiF,rocksalt,Fm-3m,cubic,halide_rocksalt,simple_ionic_control,loose,loose_design_intent,LiF,rocksalt,,,LiF; rocksalt,1,false,false,false,false,false,true,expected_valid,reports/full_100_seeded_20260626/raw_runs/run_009,Loose design-intent row: evaluate broad formula and chemistry-family plausibility; do not require exact structural motif reproduction.
10,challenge_010,seed20260626_run010_challenge_010_loose,20260626,loose_design_intent,Generate a plausible NaCl halide rocksalt candidate with the requested chemistry.,NaCl,rocksalt,Fm-3m,cubic,halide_rocksalt,simple_ionic_control,loose,loose_design_intent,NaCl,rocksalt,,,NaCl; rocksalt,1,false,false,false,false,false,true,expected_valid,reports/full_100_seeded_20260626/raw_runs/run_010,Loose design-intent row: evaluate broad formula and chemistry-family plausibility; do not require exact structural motif reproduction.
11,challenge_011,seed20260626_run011_challenge_011_loose,20260626,loose_design_intent,Generate a plausible CsPbBr3 halide perovskite candidate with the requested chemistry.,CsPbBr3,perovskite,Pm-3m or distorted perovskite subgroup,cubic_or_distorted,halide_perovskite,soft_lattice_halide,loose,loose_design_intent,CsPbBr3,halide perovskite; perovskite structured,,,CsPbBr3; halide perovskite; perovskite structured,1,false,false,false,false,false,true,expected_valid,reports/full_100_seeded_20260626/raw_runs/run_011,Loose design-intent row: evaluate broad formula and chemistry-family plausibility; do not require exact structural motif reproduction.
12,challenge_012,seed20260626_run012_challenge_012_loose,20260626,loose_design_intent,Generate a plausible CsSnI3 halide perovskite candidate with the requested chemistry.,CsSnI3,perovskite,Pm-3m or distorted perovskite subgroup,cubic_or_distorted,halide_perovskite,lead_free_halide,loose,loose_design_intent,CsSnI3,halide perovskite; perovskite structured,,,CsSnI3; halide perovskite; perovskite structured,1,false,false,false,false,false,true,expected_valid,reports/full_100_seeded_20260626/raw_runs/run_012,Loose design-intent row: evaluate broad formula and chemistry-family plausibility; do not require exact structural motif reproduction.
13,challenge_013,seed20260626_run013_challenge_013_loose,20260626,loose_design_intent,Generate a plausible GaN nitride candidate with the requested chemistry.,GaN,wurtzite,P63mc,hexagonal,nitride,tetrahedral_semiconductor,loose,loose_design_intent,GaN,nitride,,,GaN; nitride,1,false,false,false,false,false,true,expected_valid,reports/full_100_seeded_20260626/raw_runs/run_013,Loose design-intent row: evaluate broad formula and chemistry-family plausibility; do not require exact structural motif reproduction.
14,challenge_014,seed20260626_run014_challenge_014_loose,20260626,loose_design_intent,Generate a plausible AlN nitride candidate with the requested chemistry.,AlN,wurtzite,P63mc,hexagonal,nitride,wide_bandgap_semiconductor,loose,loose_design_intent,AlN,nitride,,,AlN; nitride,1,false,false,false,false,false,true,expected_valid,reports/full_100_seeded_20260626/raw_runs/run_014,Loose design-intent row: evaluate broad formula and chemistry-family plausibility; do not require exact structural motif reproduction.
15,challenge_015,seed20260626_run015_challenge_015_loose,20260626,loose_design_intent,Generate a plausible Si3N4 nitride framework candidate.,Si3N4,nitride framework,not_fixed_benchmark_prompt,not_fixed_benchmark_prompt,nitride_framework,network_covalent,loose,loose_design_intent,Si3N4,nitride framework,,,Si3N4; nitride framework,1,false,false,false,false,false,true,expected_valid,reports/full_100_seeded_20260626/raw_runs/run_015,Loose design-intent row: evaluate broad formula and chemistry-family plausibility; do not require exact structural motif reproduction.
16,challenge_016,seed20260626_run016_challenge_016_loose,20260626,loose_design_intent,Generate a plausible BN nitride candidate with the requested chemistry.,BN,wurtzite,P63mc,hexagonal,nitride,light_element_covalent,loose,loose_design_intent,BN,nitride,,,BN; nitride,1,false,false,false,false,false,true,expected_valid,reports/full_100_seeded_20260626/raw_runs/run_016,Loose design-intent row: evaluate broad formula and chemistry-family plausibility; do not require exact structural motif reproduction.
17,challenge_017,seed20260626_run017_challenge_017_loose,20260626,loose_design_intent,Generate a plausible ZnS sulfide candidate with the requested chemistry.,ZnS,sphalerite,F-43m,cubic,sulfide,tetrahedral_semiconductor,loose,loose_design_intent,ZnS,sulfide,,,ZnS; sulfide,1,false,false,false,false,false,true,expected_valid,reports/full_100_seeded_20260626/raw_runs/run_017,Loose design-intent row: evaluate broad formula and chemistry-family plausibility; do not require exact structural motif reproduction.
18,challenge_018,seed20260626_run018_challenge_018_loose,20260626,loose_design_intent,Generate a plausible CdS sulfide candidate with the requested chemistry.,CdS,wurtzite,P63mc,hexagonal,sulfide,tetrahedral_semiconductor,loose,loose_design_intent,CdS,sulfide,,,CdS; sulfide,1,false,false,false,false,false,true,expected_valid,reports/full_100_seeded_20260626/raw_runs/run_018,Loose design-intent row: evaluate broad formula and chemistry-family plausibility; do not require exact structural motif reproduction.
19,challenge_019,seed20260626_run019_challenge_019_loose,20260626,loose_design_intent,Generate a plausible CuFeS2 chalcopyrite-like sulfide candidate.,CuFeS2,chalcopyrite,I-42d,tetragonal,sulfide_chalcopyrite,mixed_cation_ordering,loose,loose_design_intent,CuFeS2,chalcopyrite-like,,,CuFeS2; chalcopyrite-like,1,false,false,false,false,false,true,expected_valid,reports/full_100_seeded_20260626/raw_runs/run_019,Loose design-intent row: evaluate broad formula and chemistry-family plausibility; do not require exact structural motif reproduction.
20,challenge_020,seed20260626_run020_challenge_020_loose,20260626,loose_design_intent,Generate a plausible CuInS2 chalcopyrite-like sulfide candidate.,CuInS2,chalcopyrite,I-42d,tetragonal,sulfide_chalcopyrite,photovoltaic_semiconductor,loose,loose_design_intent,CuInS2,chalcopyrite-like,,,CuInS2; chalcopyrite-like,1,false,false,false,false,false,true,expected_valid,reports/full_100_seeded_20260626/raw_runs/run_020,Loose design-intent row: evaluate broad formula and chemistry-family plausibility; do not require exact structural motif reproduction.
21,challenge_021,seed20260626_run021_challenge_021_loose,20260626,loose_design_intent,Generate a plausible layered MoS2 chalcogenide candidate.,MoS2,layered,layered family dependent,family_dependent,layered_chalcogenide,2d_layered_material,loose,loose_design_intent,MoS2,layered chalcogenide,,,MoS2; layered chalcogenide,1,false,false,false,false,false,true,expected_valid,reports/full_100_seeded_20260626/raw_runs/run_021,Loose design-intent row: evaluate broad formula and chemistry-family plausibility; do not require exact structural motif reproduction.
22,challenge_022,seed20260626_run022_challenge_022_loose,20260626,loose_design_intent,Generate a plausible layered WS2 chalcogenide candidate.,WS2,layered,layered family dependent,family_dependent,layered_chalcogenide,2d_layered_material,loose,loose_design_intent,WS2,layered chalcogenide,,,WS2; layered chalcogenide,1,false,false,false,false,false,true,expected_valid,reports/full_100_seeded_20260626/raw_runs/run_022,Loose design-intent row: evaluate broad formula and chemistry-family plausibility; do not require exact structural motif reproduction.
23,challenge_023,seed20260626_run023_challenge_023_loose,20260626,loose_design_intent,Generate a plausible layered TiS2 chalcogenide candidate.,TiS2,layered,layered family dependent,family_dependent,layered_chalcogenide,intercalation_host,loose,loose_design_intent,TiS2,layered chalcogenide,,,TiS2; layered chalcogenide,1,false,false,false,false,false,true,expected_valid,reports/full_100_seeded_20260626/raw_runs/run_023,Loose design-intent row: evaluate broad formula and chemistry-family plausibility; do not require exact structural motif reproduction.
24,challenge_024,seed20260626_run024_challenge_024_loose,20260626,loose_design_intent,Generate a plausible layered SnS2 chalcogenide candidate.,SnS2,layered,layered family dependent,family_dependent,layered_chalcogenide,post_transition_metal_sulfide,loose,loose_design_intent,SnS2,layered chalcogenide,,,SnS2; layered chalcogenide,1,false,false,false,false,false,true,expected_valid,reports/full_100_seeded_20260626/raw_runs/run_024,Loose design-intent row: evaluate broad formula and chemistry-family plausibility; do not require exact structural motif reproduction.
25,challenge_025,seed20260626_run025_challenge_025_loose,20260626,loose_design_intent,Generate a plausible BaSnO3 oxide perovskite candidate with the requested chemistry and broad perovskite-like design intent.,BaSnO3,perovskite,Pm-3m or distorted perovskite subgroup,cubic_or_distorted,oxide_perovskite,transparent_conducting_oxide,loose,loose_design_intent,BaSnO3,perovskite structured; oxide perovskite,,,BaSnO3; perovskite structured; oxide perovskite,1,false,false,false,false,false,true,expected_valid,reports/full_100_seeded_20260626/raw_runs/run_025,Loose design-intent row: evaluate broad formula and chemistry-family plausibility; do not require exact structural motif reproduction.
26,challenge_026,seed20260626_run026_challenge_026_loose,20260626,loose_design_intent,Generate a plausible SrZrO3 oxide perovskite candidate with the requested chemistry and broad perovskite-like design intent.,SrZrO3,perovskite,Pm-3m or distorted perovskite subgroup,cubic_or_distorted,oxide_perovskite,refractory_perovskite,loose,loose_design_intent,SrZrO3,perovskite structured; oxide perovskite,,,SrZrO3; perovskite structured; oxide perovskite,1,false,false,false,false,false,true,expected_valid,reports/full_100_seeded_20260626/raw_runs/run_026,Loose design-intent row: evaluate broad formula and chemistry-family plausibility; do not require exact structural motif reproduction.
27,challenge_027,seed20260626_run027_challenge_027_loose,20260626,loose_design_intent,Generate a plausible BaCeO3 oxide perovskite candidate with the requested chemistry and broad perovskite-like design intent.,BaCeO3,perovskite,Pm-3m or distorted perovskite subgroup,cubic_or_distorted,oxide_perovskite,proton_conductor_related,loose,loose_design_intent,BaCeO3,perovskite structured; oxide perovskite,,,BaCeO3; perovskite structured; oxide perovskite,1,false,false,false,false,false,true,expected_valid,reports/full_100_seeded_20260626/raw_runs/run_027,Loose design-intent row: evaluate broad formula and chemistry-family plausibility; do not require exact structural motif reproduction.
28,challenge_028,seed20260626_run028_challenge_028_loose,20260626,loose_design_intent,Generate a plausible LaFeO3 oxide perovskite candidate with the requested chemistry and broad perovskite-like design intent.,LaFeO3,perovskite,Pm-3m or distorted perovskite subgroup,cubic_or_distorted,oxide_perovskite,magnetic_oxide,loose,loose_design_intent,LaFeO3,perovskite structured; oxide perovskite,,,LaFeO3; perovskite structured; oxide perovskite,1,false,false,false,false,false,true,expected_valid,reports/full_100_seeded_20260626/raw_runs/run_028,Loose design-intent row: evaluate broad formula and chemistry-family plausibility; do not require exact structural motif reproduction.
29,challenge_029,seed20260626_run029_challenge_029_loose,20260626,loose_design_intent,Generate a plausible LaMnO3 oxide perovskite candidate with the requested chemistry and broad perovskite-like design intent.,LaMnO3,perovskite,Pm-3m or distorted perovskite subgroup,cubic_or_distorted,oxide_perovskite,correlated_oxide,loose,loose_design_intent,LaMnO3,perovskite structured; oxide perovskite,,,LaMnO3; perovskite structured; oxide perovskite,1,false,false,false,false,false,true,expected_valid,reports/full_100_seeded_20260626/raw_runs/run_029,Loose design-intent row: evaluate broad formula and chemistry-family plausibility; do not require exact structural motif reproduction.
30,challenge_030,seed20260626_run030_challenge_030_loose,20260626,loose_design_intent,Generate a plausible SrRuO3 oxide perovskite candidate with the requested chemistry and broad perovskite-like design intent.,SrRuO3,perovskite,Pm-3m or distorted perovskite subgroup,cubic_or_distorted,oxide_perovskite,conducting_oxide,loose,loose_design_intent,SrRuO3,perovskite structured; oxide perovskite,,,SrRuO3; perovskite structured; oxide perovskite,1,false,false,false,false,false,true,expected_valid,reports/full_100_seeded_20260626/raw_runs/run_030,Loose design-intent row: evaluate broad formula and chemistry-family plausibility; do not require exact structural motif reproduction.
31,challenge_031,seed20260626_run031_challenge_031_loose,20260626,loose_design_intent,Generate a plausible KNbO3 oxide perovskite candidate with the requested chemistry and broad perovskite-like design intent.,KNbO3,perovskite,Pm-3m or distorted perovskite subgroup,cubic_or_distorted,oxide_perovskite,ferroelectric,loose,loose_design_intent,KNbO3,perovskite structured; oxide perovskite,,,KNbO3; perovskite structured; oxide perovskite,1,false,false,false,false,false,true,expected_valid,reports/full_100_seeded_20260626/raw_runs/run_031,Loose design-intent row: evaluate broad formula and chemistry-family plausibility; do not require exact structural motif reproduction.
32,challenge_032,seed20260626_run032_challenge_032_loose,20260626,loose_design_intent,Generate a plausible PbTiO3 oxide perovskite candidate with the requested chemistry and broad perovskite-like design intent.,PbTiO3,perovskite,Pm-3m or distorted perovskite subgroup,cubic_or_distorted,oxide_perovskite,ferroelectric,loose,loose_design_intent,PbTiO3,perovskite structured; oxide perovskite,,,PbTiO3; perovskite structured; oxide perovskite,1,false,false,false,false,false,true,expected_valid,reports/full_100_seeded_20260626/raw_runs/run_032,Loose design-intent row: evaluate broad formula and chemistry-family plausibility; do not require exact structural motif reproduction.
33,challenge_033,seed20260626_run033_challenge_033_loose,20260626,loose_design_intent,Generate a plausible BiFeO3 oxide perovskite candidate with the requested chemistry and broad perovskite-like design intent.,BiFeO3,perovskite,Pm-3m or distorted perovskite subgroup,cubic_or_distorted,oxide_perovskite,multiferroic,loose,loose_design_intent,BiFeO3,perovskite structured; oxide perovskite,,,BiFeO3; perovskite structured; oxide perovskite,1,false,false,false,false,false,true,expected_valid,reports/full_100_seeded_20260626/raw_runs/run_033,Loose design-intent row: evaluate broad formula and chemistry-family plausibility; do not require exact structural motif reproduction.
34,challenge_034,seed20260626_run034_challenge_034_loose,20260626,loose_design_intent,Generate a plausible SrTiO3 oxide perovskite candidate with the requested chemistry and broad perovskite-like design intent.,SrTiO3,perovskite,Pm-3m or distorted perovskite subgroup,cubic_or_distorted,oxide_perovskite,known_family_control,loose,loose_design_intent,SrTiO3,perovskite structured; oxide perovskite,,,SrTiO3; perovskite structured; oxide perovskite,1,false,false,false,false,false,true,expected_valid,reports/full_100_seeded_20260626/raw_runs/run_034,Loose design-intent row: evaluate broad formula and chemistry-family plausibility; do not require exact structural motif reproduction.
35,challenge_035,seed20260626_run035_challenge_035_loose,20260626,loose_design_intent,Generate a plausible layered Sr2TiO4 oxide candidate with the requested chemistry.,Sr2TiO4,layered,layered family dependent,family_dependent,layered_oxide,ruddlesden_popper,loose,loose_design_intent,Sr2TiO4,layered oxide; layered,,,Sr2TiO4; layered oxide; layered,1,false,false,false,false,false,true,expected_valid,reports/full_100_seeded_20260626/raw_runs/run_035,Loose design-intent row: evaluate broad formula and chemistry-family plausibility; do not require exact structural motif reproduction.
36,challenge_036,seed20260626_run036_challenge_036_loose,20260626,loose_design_intent,Generate a plausible layered La2CuO4 oxide candidate with the requested chemistry.,La2CuO4,layered,layered family dependent,family_dependent,layered_oxide,cuprate_related,loose,loose_design_intent,La2CuO4,layered oxide; layered,,,La2CuO4; layered oxide; layered,1,false,false,false,false,false,true,expected_valid,reports/full_100_seeded_20260626/raw_runs/run_036,Loose design-intent row: evaluate broad formula and chemistry-family plausibility; do not require exact structural motif reproduction.
37,challenge_037,seed20260626_run037_challenge_037_loose,20260626,loose_design_intent,Generate a plausible Na3Zr2Si2PO12 phosphate-silicate framework candidate.,Na3Zr2Si2PO12,NASICON,R-3c or NASICON analogue,rhombohedral_or_monoclinic,phosphate_silicate_framework,ionic_conductor,loose,loose_design_intent,Na3Zr2Si2PO12,NASICON-like; phosphate silicate framework,,,Na3Zr2Si2PO12; NASICON-like; phosphate silicate framework,1,false,false,false,false,false,true,expected_valid,reports/full_100_seeded_20260626/raw_runs/run_037,Loose design-intent row: evaluate broad formula and chemistry-family plausibility; do not require exact structural motif reproduction.
38,challenge_038,seed20260626_run038_challenge_038_loose,20260626,loose_design_intent,Generate a plausible LiTi2(PO4)3 phosphate framework candidate.,LiTi2(PO4)3,phosphate framework,not_fixed_benchmark_prompt,not_fixed_benchmark_prompt,phosphate_framework,ionic_conductor,loose,loose_design_intent,LiTi2(PO4)3,phosphate framework,,,LiTi2(PO4)3; phosphate framework,1,false,false,false,false,false,true,expected_valid,reports/full_100_seeded_20260626/raw_runs/run_038,Loose design-intent row: evaluate broad formula and chemistry-family plausibility; do not require exact structural motif reproduction.
39,challenge_039,seed20260626_run039_challenge_039_loose,20260626,loose_design_intent,Generate a plausible LiZr2(PO4)3 phosphate framework candidate.,LiZr2(PO4)3,phosphate framework,not_fixed_benchmark_prompt,not_fixed_benchmark_prompt,phosphate_framework,ionic_conductor,loose,loose_design_intent,LiZr2(PO4)3,phosphate framework,,,LiZr2(PO4)3; phosphate framework,1,false,false,false,false,false,true,expected_valid,reports/full_100_seeded_20260626/raw_runs/run_039,Loose design-intent row: evaluate broad formula and chemistry-family plausibility; do not require exact structural motif reproduction.
40,challenge_040,seed20260626_run040_challenge_040_loose,20260626,loose_design_intent,Generate a plausible LiFePO4 olivine phosphate candidate.,LiFePO4,olivine,Pnma,orthorhombic,phosphate_olivine,battery_cathode,loose,loose_design_intent,LiFePO4,olivine,,,LiFePO4; olivine,1,false,false,false,false,false,true,expected_valid,reports/full_100_seeded_20260626/raw_runs/run_040,Loose design-intent row: evaluate broad formula and chemistry-family plausibility; do not require exact structural motif reproduction.
41,challenge_041,seed20260626_run041_challenge_041_motif,20260626,motif_specific,"Generate an olivine-like LiMnPO4 candidate using retrieved manganese phosphate analogues, MnO6/PO4 framework priors, and novelty checking.",LiMnPO4,olivine,Pnma,orthorhombic,phosphate_olivine,battery_cathode,medium,motif_specific,LiMnPO4,phosphate olivine,olivine Li channels; MnO6 octahedra,,olivine Li channels; MnO6 octahedra,1,true,true,true,true,false,true,expected_valid,reports/full_100_seeded_20260626/raw_runs/run_041,Medium mixed-specificity legacy row: preserve original prompt while recording split metadata for grouped reporting.
42,challenge_042,seed20260626_run042_challenge_042_motif,20260626,motif_specific,"Generate a NaVPO4F fluorophosphate candidate using retrieved mixed-anion phosphate analogues, Na-ion channel priors, V-O/F coordination priors, and novelty checking.",NaVPO4F,mixed anion phosphate,not_fixed_benchmark_prompt,not_fixed_benchmark_prompt,mixed_anion_phosphate,battery_cathode,medium,motif_specific,NaVPO4F,mixed anion phosphate,fluorophosphate framework; Na channels,,fluorophosphate framework; Na channels,1,true,true,true,true,false,true,expected_valid,reports/full_100_seeded_20260626/raw_runs/run_042,Medium mixed-specificity legacy row: preserve original prompt while recording split metadata for grouped reporting.
43,challenge_043,seed20260626_run043_challenge_043_motif,20260626,motif_specific,"Generate a KVPO4F fluorophosphate candidate using retrieved vanadium phosphate/fluoride analogues, K-ion channel priors, and SPP/POT guidance.",KVPO4F,mixed anion phosphate,not_fixed_benchmark_prompt,not_fixed_benchmark_prompt,mixed_anion_phosphate,battery_cathode,medium,motif_specific,KVPO4F,mixed anion phosphate,V-O/F polyhedra; PO4 tetrahedra,,V-O/F polyhedra; PO4 tetrahedra,1,true,true,true,true,false,true,expected_valid,reports/full_100_seeded_20260626/raw_runs/run_043,Medium mixed-specificity legacy row: preserve original prompt while recording split metadata for grouped reporting.
44,challenge_044,seed20260626_run044_challenge_044_motif,20260626,motif_specific,"Generate a Li3V2(PO4)3 phosphate framework candidate using retrieved vanadium phosphate analogues, Li-site priors, and QLIP optimisation.",Li3V2(PO4)3,phosphate framework,not_fixed_benchmark_prompt,not_fixed_benchmark_prompt,phosphate_framework,battery_cathode,medium,motif_specific,Li3V2(PO4)3,phosphate framework,V2(PO4)3 framework; Li interstitial sites,,V2(PO4)3 framework; Li interstitial sites,1,true,true,true,true,false,true,expected_valid,reports/full_100_seeded_20260626/raw_runs/run_044,Medium mixed-specificity legacy row: preserve original prompt while recording split metadata for grouped reporting.
45,challenge_045,seed20260626_run045_challenge_045_motif,20260626,motif_specific,Generate a Na3V2(PO4)3 NASICON-like phosphate candidate using retrieved sodium vanadium phosphate analogues and Na-ion channel priors.,Na3V2(PO4)3,phosphate framework,not_fixed_benchmark_prompt,not_fixed_benchmark_prompt,phosphate_framework,battery_cathode,medium,motif_specific,Na3V2(PO4)3,phosphate framework,NASICON-like V/PO4 framework; Na channels,,NASICON-like V/PO4 framework; Na channels,1,true,true,true,true,false,true,expected_valid,reports/full_100_seeded_20260626/raw_runs/run_045,Medium mixed-specificity legacy row: preserve original prompt while recording split metadata for grouped reporting.
46,challenge_046,seed20260626_run046_challenge_046_motif,20260626,motif_specific,"Generate a Ca2SiO4 silicate candidate using retrieved calcium silicate analogues, SiO4 tetrahedral priors, and novelty checking.",Ca2SiO4,silicate,not_fixed_benchmark_prompt,not_fixed_benchmark_prompt,silicate,cement_related,medium,motif_specific,Ca2SiO4,silicate,isolated SiO4 tetrahedra; Ca coordination network,,isolated SiO4 tetrahedra; Ca coordination network,1,true,true,true,true,false,true,expected_valid,reports/full_100_seeded_20260626/raw_runs/run_046,Medium mixed-specificity legacy row: preserve original prompt while recording split metadata for grouped reporting.
47,challenge_047,seed20260626_run047_challenge_047_motif,20260626,motif_specific,"Generate a MgSiO3 post-perovskite/perovskite-like silicate candidate using retrieved high-pressure silicate analogues, Mg-O and Si-O priors, and novelty checking.",MgSiO3,perovskite,Pm-3m or distorted perovskite subgroup,cubic_or_distorted,silicate,high_pressure_mineral,medium,motif_specific,MgSiO3,silicate,SiO6 or SiO4 motifs depending analogue; Mg coordination,,SiO6 or SiO4 motifs depending analogue; Mg coordination,1,true,true,true,true,false,true,expected_valid,reports/full_100_seeded_20260626/raw_runs/run_047,Medium mixed-specificity legacy row: preserve original prompt while recording split metadata for grouped reporting.
48,challenge_048,seed20260626_run048_challenge_048_motif,20260626,motif_specific,"Generate a rocksalt-like FeO candidate using retrieved transition-metal monoxide analogues, Fe-O octahedral priors, and QLIP optimisation.",FeO,rocksalt,Fm-3m,cubic,oxide_rocksalt,transition_metal_oxide,medium,motif_specific,FeO,oxide rocksalt,rocksalt monoxide motif; octahedral Fe/O,,rocksalt monoxide motif; octahedral Fe/O,1,true,true,true,true,false,true,expected_valid,reports/full_100_seeded_20260626/raw_runs/run_048,Medium mixed-specificity legacy row: preserve original prompt while recording split metadata for grouped reporting.
49,challenge_049,seed20260626_run049_challenge_049_motif,20260626,motif_specific,"Generate a rocksalt-like NiO candidate using retrieved transition-metal monoxide analogues, Ni-O octahedral priors, and novelty checking.",NiO,rocksalt,Fm-3m,cubic,oxide_rocksalt,magnetic_oxide,medium,motif_specific,NiO,oxide rocksalt,rocksalt NiO lattice,,rocksalt NiO lattice,1,true,true,true,true,false,true,expected_valid,reports/full_100_seeded_20260626/raw_runs/run_049,Medium mixed-specificity legacy row: preserve original prompt while recording split metadata for grouped reporting.
50,challenge_050,seed20260626_run050_challenge_050_motif,20260626,motif_specific,"Generate a rocksalt-like CoO candidate using retrieved monoxide analogues, Co-O octahedral coordination priors, and SPP/POT guidance.",CoO,rocksalt,Fm-3m,cubic,oxide_rocksalt,magnetic_oxide,medium,motif_specific,CoO,oxide rocksalt,rocksalt CoO motif,,rocksalt CoO motif,1,true,true,true,true,false,true,expected_valid,reports/full_100_seeded_20260626/raw_runs/run_050,Medium mixed-specificity legacy row: preserve original prompt while recording split metadata for grouped reporting.
51,challenge_051,seed20260626_run051_challenge_051_motif,20260626,motif_specific,"Generate a rocksalt-like MnO candidate using retrieved transition-metal monoxide analogues, Mn-O octahedral priors, and novelty checking.",MnO,rocksalt,Fm-3m,cubic,oxide_rocksalt,magnetic_oxide,medium,motif_specific,MnO,oxide rocksalt,rocksalt MnO motif,,rocksalt MnO motif,1,true,true,true,true,false,true,expected_valid,reports/full_100_seeded_20260626/raw_runs/run_051,Medium mixed-specificity legacy row: preserve original prompt while recording split metadata for grouped reporting.
52,challenge_052,seed20260626_run052_challenge_052_motif,20260626,motif_specific,"Generate a rutile/anatase-like TiO2 oxide candidate using retrieved titanium oxide analogues, TiO6 octahedral-chain priors, SPP/POT guidance, and novelty checking.",TiO2,rutile,P42/mnm,tetragonal,oxide_binary,polymorph_challenge,medium,motif_specific,TiO2,oxide binary,rutile/anatase TiO6 networks,,rutile/anatase TiO6 networks,1,true,true,true,true,false,true,expected_valid,reports/full_100_seeded_20260626/raw_runs/run_052,Medium mixed-specificity legacy row: preserve original prompt while recording split metadata for grouped reporting.
53,challenge_053,seed20260626_run053_challenge_053_motif,20260626,motif_specific,"Generate a fluorite-like ZrO2 candidate using retrieved zirconia/fluorite analogues, Zr-O coordination priors, and novelty checking.",ZrO2,fluorite,Fm-3m,cubic,oxide_fluorite,polymorph_challenge,medium,motif_specific,ZrO2,oxide fluorite,fluorite/tetragonal zirconia motif,,fluorite/tetragonal zirconia motif,1,true,true,true,true,false,true,expected_valid,reports/full_100_seeded_20260626/raw_runs/run_053,Medium mixed-specificity legacy row: preserve original prompt while recording split metadata for grouped reporting.
54,challenge_054,seed20260626_run054_challenge_054_motif,20260626,motif_specific,"Generate a fluorite-like CeO2 candidate using retrieved ceria/fluorite analogues, Ce-O coordination priors, and QLIP optimisation.",CeO2,fluorite,Fm-3m,cubic,oxide_fluorite,oxygen_vacancy_related,medium,motif_specific,CeO2,oxide fluorite,fluorite cation sublattice; oxygen tetrahedral sites,,fluorite cation sublattice; oxygen tetrahedral sites,1,true,true,true,true,false,true,expected_valid,reports/full_100_seeded_20260626/raw_runs/run_054,Medium mixed-specificity legacy row: preserve original prompt while recording split metadata for grouped reporting.
55,challenge_055,seed20260626_run055_challenge_055_motif,20260626,motif_specific,"Generate a bixbyite-like Y2O3 candidate using retrieved rare-earth oxide analogues, Y-O coordination priors, and novelty checking.",Y2O3,bixbyite,Ia-3,cubic,rare_earth_oxide,bixbyite,medium,motif_specific,Y2O3,rare earth oxide,bixbyite rare-earth oxide framework,,bixbyite rare-earth oxide framework,1,true,true,true,true,false,true,expected_valid,reports/full_100_seeded_20260626/raw_runs/run_055,Medium mixed-specificity legacy row: preserve original prompt while recording split metadata for grouped reporting.
56,challenge_056,seed20260626_run056_challenge_056_motif,20260626,motif_specific,"Generate a La2O3 rare-earth oxide candidate using retrieved lanthanide oxide analogues, La-O coordination priors, and QLIP optimisation.",La2O3,rare earth oxide,not_fixed_benchmark_prompt,not_fixed_benchmark_prompt,rare_earth_oxide,lanthanide_oxide,medium,motif_specific,La2O3,rare earth oxide,La-O polyhedral network,,La-O polyhedral network,1,true,true,true,true,false,true,expected_valid,reports/full_100_seeded_20260626/raw_runs/run_056,Medium mixed-specificity legacy row: preserve original prompt while recording split metadata for grouped reporting.
57,challenge_057,seed20260626_run057_challenge_057_motif,20260626,motif_specific,"Generate a garnet-like Y3Al5O12 candidate using retrieved garnet analogues, multi-cation site priors, AlO4/AlO6 coordination priors, and novelty checking.",Y3Al5O12,garnet,Ia-3d,cubic,oxide_garnet,complex_multisite,medium,motif_specific,Y3Al5O12,oxide garnet,garnet framework; dodecahedral Y; tetra/octa Al,,garnet framework; dodecahedral Y; tetra/octa Al,1,true,true,true,true,false,true,expected_valid,reports/full_100_seeded_20260626/raw_runs/run_057,Medium mixed-specificity legacy row: preserve original prompt while recording split metadata for grouped reporting.
58,challenge_058,seed20260626_run058_challenge_058_motif,20260626,motif_specific,"Generate a garnet-like Li7La3Zr2O12 solid-electrolyte candidate using retrieved garnet oxide analogues, Li-ion sublattice priors, and SPP/POT guidance.",Li7La3Zr2O12,garnet,Ia-3d,cubic,oxide_garnet,solid_electrolyte,medium,motif_specific,Li7La3Zr2O12,oxide garnet,LLZO garnet framework; Li conduction sites; ZrO6,,LLZO garnet framework; Li conduction sites; ZrO6,1,true,true,true,true,false,true,expected_valid,reports/full_100_seeded_20260626/raw_runs/run_058,Medium mixed-specificity legacy row: preserve original prompt while recording split metadata for grouped reporting.
59,challenge_059,seed20260626_run059_challenge_059_motif,20260626,motif_specific,"Generate a pyrochlore-like La2Zr2O7 candidate using retrieved A2B2O7 analogues, ZrO6/La-O coordination priors, and novelty checking.",La2Zr2O7,pyrochlore,Fd-3m,cubic,oxide_pyrochlore,complex_oxide,medium,motif_specific,La2Zr2O7,oxide pyrochlore,pyrochlore network; ordered cation sites,,pyrochlore network; ordered cation sites,1,true,true,true,true,false,true,expected_valid,reports/full_100_seeded_20260626/raw_runs/run_059,Medium mixed-specificity legacy row: preserve original prompt while recording split metadata for grouped reporting.
60,challenge_060,seed20260626_run060_challenge_060_motif,20260626,motif_specific,"Generate a pyrochlore-like Gd2Ti2O7 candidate using retrieved titanate pyrochlore analogues, rare-earth/titanium site priors, and QLIP optimisation.",Gd2Ti2O7,pyrochlore,Fd-3m,cubic,oxide_pyrochlore,frustrated_magnet,medium,motif_specific,Gd2Ti2O7,oxide pyrochlore,A2B2O7 pyrochlore; TiO6 octahedra,,A2B2O7 pyrochlore; TiO6 octahedra,1,true,true,true,true,false,true,expected_valid,reports/full_100_seeded_20260626/raw_runs/run_060,Medium mixed-specificity legacy row: preserve original prompt while recording split metadata for grouped reporting.
61,challenge_061,seed20260626_run061_challenge_061_motif,20260626,motif_specific,"Generate a layered Bi2Te3 thermoelectric-like candidate using retrieved tetradymite analogues, quintuple-layer priors, and novelty checking.",Bi2Te3,layered,layered family dependent,family_dependent,layered_chalcogenide,thermoelectric,medium,motif_specific,Bi2Te3,layered chalcogenide,quintuple layers; Bi-Te coordination,,quintuple layers; Bi-Te coordination,1,true,true,true,true,false,true,expected_valid,reports/full_100_seeded_20260626/raw_runs/run_061,Medium mixed-specificity legacy row: preserve original prompt while recording split metadata for grouped reporting.
62,challenge_062,seed20260626_run062_challenge_062_motif,20260626,motif_specific,"Generate a layered Sb2Te3 tetradymite-like candidate using retrieved pnictogen telluride analogues, layered coordination priors, and QLIP optimisation.",Sb2Te3,layered,layered family dependent,family_dependent,layered_chalcogenide,thermoelectric,medium,motif_specific,Sb2Te3,layered chalcogenide,quintuple-layer motif,,quintuple-layer motif,1,true,true,true,true,false,true,expected_valid,reports/full_100_seeded_20260626/raw_runs/run_062,Medium mixed-specificity legacy row: preserve original prompt while recording split metadata for grouped reporting.
63,challenge_063,seed20260626_run063_challenge_063_motif,20260626,motif_specific,"Generate a rocksalt-like PbS candidate using retrieved lead chalcogenide analogues, Pb-S pair evidence, SPP/POT guidance, and novelty checking.",PbS,rocksalt,Fm-3m,cubic,chalcogenide_rocksalt,thermoelectric,medium,motif_specific,PbS,chalcogenide rocksalt,rocksalt Pb chalcogenide motif,,rocksalt Pb chalcogenide motif,1,true,true,true,true,false,true,expected_valid,reports/full_100_seeded_20260626/raw_runs/run_063,Medium mixed-specificity legacy row: preserve original prompt while recording split metadata for grouped reporting.
64,challenge_064,seed20260626_run064_challenge_064_motif,20260626,motif_specific,"Generate a layered SnSe candidate using retrieved tin selenide analogues, distorted Sn-Se coordination priors, and novelty checking.",SnSe,layered,layered family dependent,family_dependent,layered_chalcogenide,thermoelectric,medium,motif_specific,SnSe,layered chalcogenide,orthorhombic layered SnSe motif; lone-pair distortion,,orthorhombic layered SnSe motif; lone-pair distortion,1,true,true,true,true,false,true,expected_valid,reports/full_100_seeded_20260626/raw_runs/run_064,Medium mixed-specificity legacy row: preserve original prompt while recording split metadata for grouped reporting.
65,challenge_065,seed20260626_run065_challenge_065_motif,20260626,motif_specific,"Generate a pyrite-like FeS2 candidate using retrieved disulfide analogues, S-S dimer priors, Fe-S octahedral priors, and QLIP optimisation.",FeS2,pyrite,Pa-3,cubic,sulfide_pyrite,dimer_motif,medium,motif_specific,FeS2,sulfide pyrite,S2 dumbbells; FeS6 octahedra,,S2 dumbbells; FeS6 octahedra,1,true,true,true,true,false,true,expected_valid,reports/full_100_seeded_20260626/raw_runs/run_065,Medium mixed-specificity legacy row: preserve original prompt while recording split metadata for grouped reporting.
66,challenge_066,seed20260626_run066_challenge_066_retrieval,20260626,retrieval_evidence_grounded,"Generate a pyrite-like CoS2 candidate using retrieved transition-metal disulfide analogues, S-S dimer priors, and novelty checking. Use retrieved evidence from known sulfide pyrite structures and record which retrieved structures informed the constraints.",CoS2,pyrite,Pa-3,cubic,sulfide_pyrite,dimer_motif,medium,retrieval_evidence_grounded,CoS2,sulfide pyrite,pyrite S2 dimers; CoS6 octahedra,,pyrite S2 dimers; CoS6 octahedra,1,true,true,true,true,false,true,expected_valid,reports/full_100_seeded_20260626/raw_runs/run_066,Medium mixed-specificity legacy row: preserve original prompt while recording split metadata for grouped reporting.
67,challenge_067,seed20260626_run067_challenge_067_retrieval,20260626,retrieval_evidence_grounded,"Generate a pyrite-like NiS2 candidate using retrieved disulfide analogues, S-S and Ni-S pair evidence, and QLIP optimisation. Use retrieved evidence from known sulfide pyrite structures and record which retrieved structures informed the constraints.",NiS2,pyrite,Pa-3,cubic,sulfide_pyrite,dimer_motif,medium,retrieval_evidence_grounded,NiS2,sulfide pyrite,pyrite-type NiS2; S-S dumbbells,,pyrite-type NiS2; S-S dumbbells,1,true,true,true,true,false,true,expected_valid,reports/full_100_seeded_20260626/raw_runs/run_067,Medium mixed-specificity legacy row: preserve original prompt while recording split metadata for grouped reporting.
68,challenge_068,seed20260626_run068_challenge_068_retrieval,20260626,retrieval_evidence_grounded,"Generate a calcite/aragonite-like CaCO3 carbonate candidate using retrieved carbonate mineral analogues, CO3 planar group priors, Ca-O coordination priors, and novelty checking. Use retrieved evidence from known carbonate structures and record which retrieved structures informed the constraints.",CaCO3,calcite,R-3c,trigonal,carbonate,molecular_anion,medium,retrieval_evidence_grounded,CaCO3,carbonate,CO3 triangular carbonate groups; Ca coordination,,CO3 triangular carbonate groups; Ca coordination,1,true,true,true,true,false,true,expected_valid,reports/full_100_seeded_20260626/raw_runs/run_068,Medium mixed-specificity legacy row: preserve original prompt while recording split metadata for grouped reporting.
69,challenge_069,seed20260626_run069_challenge_069_retrieval,20260626,retrieval_evidence_grounded,"Generate a magnesite-like MgCO3 carbonate candidate using retrieved carbonate analogues, Mg-O coordination priors, and QLIP optimisation. Use retrieved evidence from known carbonate structures and record which retrieved structures informed the constraints.",MgCO3,magnesite,R-3c,trigonal,carbonate,molecular_anion,medium,retrieval_evidence_grounded,MgCO3,carbonate,CO3 groups; Mg coordination,,CO3 groups; Mg coordination,1,true,true,true,true,false,true,expected_valid,reports/full_100_seeded_20260626/raw_runs/run_069,Medium mixed-specificity legacy row: preserve original prompt while recording split metadata for grouped reporting.
70,challenge_070,seed20260626_run070_challenge_070_retrieval,20260626,retrieval_evidence_grounded,"Generate a BaZr0.5Ti0.5O3 perovskite-like candidate using retrieved titanate/zirconate analogues, mixed B-site priors, and novelty checking. Use retrieved evidence from known oxide perovskite structures and record which retrieved structures informed the constraints.",BaZr0.5Ti0.5O3,perovskite,Pm-3m or distorted perovskite subgroup,cubic_or_distorted,oxide_perovskite,aliovalent_or_mixed_site,medium,retrieval_evidence_grounded,BaZr0.5Ti0.5O3,oxide perovskite,mixed Zr/Ti B-site; corner-sharing BO6 octahedra,,mixed Zr/Ti B-site; corner-sharing BO6 octahedra,1,true,true,true,true,false,true,expected_valid,reports/full_100_seeded_20260626/raw_runs/run_070,Medium mixed-specificity legacy row: preserve original prompt while recording split metadata for grouped reporting.
71,challenge_071,seed20260626_run071_challenge_071_retrieval,20260626,retrieval_evidence_grounded,"Generate a La0.5Sr0.5FeO3 perovskite-like mixed A-site ferrite candidate using retrieved ferrite analogues, A-site disorder priors, and QLIP optimisation. Use retrieved evidence from known oxide perovskite structures and record which retrieved structures informed the constraints.",La0.5Sr0.5FeO3,perovskite,Pm-3m or distorted perovskite subgroup,cubic_or_distorted,oxide_perovskite,mixed_site_doping,medium,retrieval_evidence_grounded,La0.5Sr0.5FeO3,oxide perovskite,La/Sr mixed A-site; FeO6 octahedra,,La/Sr mixed A-site; FeO6 octahedra,1,true,true,true,true,false,true,expected_valid,reports/full_100_seeded_20260626/raw_runs/run_071,Medium mixed-specificity legacy row: preserve original prompt while recording split metadata for grouped reporting.
72,challenge_072,seed20260626_run072_challenge_072_retrieval,20260626,retrieval_evidence_grounded,"Generate a BaSc0.5Ti0.5O3 mixed-B-site perovskite candidate using retrieved scandate/titanate analogues, charge-balance-aware priors, and novelty checking. Use retrieved evidence from known oxide perovskite structures and record which retrieved structures informed the constraints.",BaSc0.5Ti0.5O3,perovskite,Pm-3m or distorted perovskite subgroup,cubic_or_distorted,oxide_perovskite,mixed_site_doping,medium,retrieval_evidence_grounded,BaSc0.5Ti0.5O3,oxide perovskite,mixed Sc/Ti octahedral B-site,,mixed Sc/Ti octahedral B-site,1,true,true,true,true,false,true,expected_valid,reports/full_100_seeded_20260626/raw_runs/run_072,Medium mixed-specificity legacy row: preserve original prompt while recording split metadata for grouped reporting.
73,challenge_073,seed20260626_run073_challenge_073_retrieval,20260626,retrieval_evidence_grounded,"Generate an argyrodite-like Li6PS5Cl solid-electrolyte candidate using retrieved sulfide/halide argyrodite analogues, Li-ion sublattice priors, and SPP/POT guidance. Use retrieved evidence from known sulfide halide structures and record which retrieved structures informed the constraints.",Li6PS5Cl,argyrodite,F-43m or argyrodite analogue,cubic_or_orthorhombic,sulfide_halide,solid_electrolyte,medium,retrieval_evidence_grounded,Li6PS5Cl,sulfide halide,PS4 tetrahedra; Li sublattice; halide site,,PS4 tetrahedra; Li sublattice; halide site,1,true,true,true,true,false,true,expected_valid,reports/full_100_seeded_20260626/raw_runs/run_073,Medium mixed-specificity legacy row: preserve original prompt while recording split metadata for grouped reporting.
74,challenge_074,seed20260626_run074_challenge_074_retrieval,20260626,retrieval_evidence_grounded,"Generate an LGPS-like Li10GeP2S12 sulfide solid-electrolyte candidate using retrieved thiophosphate analogues, Li-channel priors, and novelty checking. Use retrieved evidence from known sulfide phosphate structures and record which retrieved structures informed the constraints.",Li10GeP2S12,LGPS,P42/nmc or LGPS analogue,tetragonal,sulfide_phosphate,solid_electrolyte,medium,retrieval_evidence_grounded,Li10GeP2S12,sulfide phosphate,GeS4/PS4 tetrahedra; Li diffusion channels,,GeS4/PS4 tetrahedra; Li diffusion channels,1,true,true,true,true,false,true,expected_valid,reports/full_100_seeded_20260626/raw_runs/run_074,Medium mixed-specificity legacy row: preserve original prompt while recording split metadata for grouped reporting.
75,challenge_075,seed20260626_run075_challenge_075_retrieval,20260626,retrieval_evidence_grounded,"Generate a Na3PS4 thiophosphate solid-electrolyte candidate using retrieved sulfide phosphate analogues, Na-ion sublattice priors, and QLIP optimisation. Use retrieved evidence from known sulfide phosphate structures and record which retrieved structures informed the constraints.",Na3PS4,sulfide phosphate,not_fixed_benchmark_prompt,not_fixed_benchmark_prompt,sulfide_phosphate,solid_electrolyte,medium,retrieval_evidence_grounded,Na3PS4,sulfide phosphate,PS4 tetrahedra; Na conduction network,,PS4 tetrahedra; Na conduction network,1,true,true,true,true,false,true,expected_valid,reports/full_100_seeded_20260626/raw_runs/run_075,Medium mixed-specificity legacy row: preserve original prompt while recording split metadata for grouped reporting.
76,challenge_076,seed20260626_run076_challenge_076_retrieval,20260626,retrieval_evidence_grounded,"Generate a Li3PS4 thiophosphate candidate using retrieved lithium thiophosphate analogues, PS4 tetrahedral priors, and novelty checking. Use retrieved evidence from known sulfide phosphate structures and record which retrieved structures informed the constraints.",Li3PS4,sulfide phosphate,not_fixed_benchmark_prompt,not_fixed_benchmark_prompt,sulfide_phosphate,solid_electrolyte,medium,retrieval_evidence_grounded,Li3PS4,sulfide phosphate,PS4 tetrahedra; Li sites,,PS4 tetrahedra; Li sites,1,true,true,true,true,false,true,expected_valid,reports/full_100_seeded_20260626/raw_runs/run_076,Medium mixed-specificity legacy row: preserve original prompt while recording split metadata for grouped reporting.
77,challenge_077,seed20260626_run077_challenge_077_retrieval,20260626,retrieval_evidence_grounded,"Generate an MgB2 AlB2-type boride candidate using retrieved boride analogues, graphite-like B-layer priors, Mg interlayer priors, and QLIP optimisation. Use retrieved evidence from known boride structures and record which retrieved structures informed the constraints.",MgB2,boride,family dependent,not_fixed_benchmark_prompt,boride,superconductor_related,medium,retrieval_evidence_grounded,MgB2,boride,hexagonal boron layers; Mg intercalation,,hexagonal boron layers; Mg intercalation,1,true,true,true,true,false,true,expected_valid,reports/full_100_seeded_20260626/raw_runs/run_077,Medium mixed-specificity legacy row: preserve original prompt while recording split metadata for grouped reporting.
78,challenge_078,seed20260626_run078_challenge_078_retrieval,20260626,retrieval_evidence_grounded,"Generate a TiB2 diboride candidate using retrieved transition-metal boride analogues, B-layer/Ti coordination priors, and novelty checking. Use retrieved evidence from known boride structures and record which retrieved structures informed the constraints.",TiB2,boride,family dependent,not_fixed_benchmark_prompt,boride,hard_material,medium,retrieval_evidence_grounded,TiB2,boride,AlB2-type diboride layers,,AlB2-type diboride layers,1,true,true,true,true,false,true,expected_valid,reports/full_100_seeded_20260626/raw_runs/run_078,Medium mixed-specificity legacy row: preserve original prompt while recording split metadata for grouped reporting.
79,challenge_079,seed20260626_run079_challenge_079_retrieval,20260626,retrieval_evidence_grounded,"Generate a SiC zincblende/wurtzite-like carbide candidate using retrieved tetrahedral carbide analogues, Si-C pair evidence, and QLIP optimisation. Use retrieved evidence from known carbide structures and record which retrieved structures informed the constraints.",SiC,carbide,family dependent,not_fixed_benchmark_prompt,carbide,wide_bandgap_semiconductor,medium,retrieval_evidence_grounded,SiC,carbide,tetrahedral SiC network,,tetrahedral SiC network,1,true,true,true,true,false,true,expected_valid,reports/full_100_seeded_20260626/raw_runs/run_079,Medium mixed-specificity legacy row: preserve original prompt while recording split metadata for grouped reporting.
80,challenge_080,seed20260626_run080_challenge_080_retrieval,20260626,retrieval_evidence_grounded,"Generate a rocksalt-like TiC carbide candidate using retrieved transition-metal carbide analogues, Ti-C octahedral coordination priors, and novelty checking. Use retrieved evidence from known carbide structures and record which retrieved structures informed the constraints.",TiC,rocksalt,Fm-3m,cubic,carbide,hard_material,medium,retrieval_evidence_grounded,TiC,carbide,rocksalt carbide motif,,rocksalt carbide motif,1,true,true,true,true,false,true,expected_valid,reports/full_100_seeded_20260626/raw_runs/run_080,Medium mixed-specificity legacy row: preserve original prompt while recording split metadata for grouped reporting.
81,challenge_081,seed20260626_run081_challenge_081_solver,20260626,solver_constraint_heavy,"Generate a WC tungsten carbide candidate using retrieved transition-metal carbide analogues, W-C coordination priors, and SPP/POT guidance. Emit a solver-backed run archive with solver status, objective value, active constraints, and generated CIF.",WC,carbide,family dependent,not_fixed_benchmark_prompt,carbide,hard_material,medium,solver_constraint_heavy,WC,carbide,hexagonal WC motif,,hexagonal WC motif,1,true,true,true,true,true,true,expected_solver_backed_candidate,reports/full_100_seeded_20260626/raw_runs/run_081,Medium mixed-specificity legacy row: preserve original prompt while recording split metadata for grouped reporting.
82,challenge_082,seed20260626_run082_challenge_082_solver,20260626,solver_constraint_heavy,"Generate a rocksalt-like ZrC carbide candidate using retrieved refractory carbide analogues, Zr-C octahedral priors, and novelty checking. Emit a solver-backed run archive with solver status, objective value, active constraints, and generated CIF.",ZrC,rocksalt,Fm-3m,cubic,carbide,hard_material,medium,solver_constraint_heavy,ZrC,carbide,rocksalt carbide motif,,rocksalt carbide motif,1,true,true,true,true,true,true,expected_solver_backed_candidate,reports/full_100_seeded_20260626/raw_runs/run_082,Medium mixed-specificity legacy row: preserve original prompt while recording split metadata for grouped reporting.
83,challenge_083,seed20260626_run083_challenge_083_solver,20260626,solver_constraint_heavy,"Generate a HfO2 oxide candidate using retrieved hafnia/zirconia analogues, Hf-O coordination priors, and QLIP optimisation. Emit a solver-backed run archive with solver status, objective value, active constraints, and generated CIF.",HfO2,fluorite,Fm-3m,cubic,oxide_binary,high_k_dielectric,medium,solver_constraint_heavy,HfO2,oxide binary,monoclinic/tetragonal/fluorite-like HfO2 motifs,,monoclinic/tetragonal/fluorite-like HfO2 motifs,1,true,true,true,true,true,true,expected_solver_backed_candidate,reports/full_100_seeded_20260626/raw_runs/run_083,Medium mixed-specificity legacy row: preserve original prompt while recording split metadata for grouped reporting.
84,challenge_084,seed20260626_run084_challenge_084_solver,20260626,solver_constraint_heavy,"Generate a Ta2O5 oxide candidate using retrieved tantalum oxide analogues, Ta-O polyhedral priors, SPP/POT guidance, and novelty checking. Emit a solver-backed run archive with solver status, objective value, active constraints, and generated CIF.",Ta2O5,oxide binary,not_fixed_benchmark_prompt,not_fixed_benchmark_prompt,oxide_binary,high_k_dielectric,medium,solver_constraint_heavy,Ta2O5,oxide binary,TaO6/TaO7 polyhedra; complex oxide network,,TaO6/TaO7 polyhedra; complex oxide network,1,true,true,true,true,true,true,expected_solver_backed_candidate,reports/full_100_seeded_20260626/raw_runs/run_084,Medium mixed-specificity legacy row: preserve original prompt while recording split metadata for grouped reporting.
85,challenge_085,seed20260626_run085_challenge_085_solver,20260626,solver_constraint_heavy,"Generate a Nb2O5 oxide candidate using retrieved niobium oxide analogues, Nb-O polyhedral priors, and novelty checking. Emit a solver-backed run archive with solver status, objective value, active constraints, and generated CIF.",Nb2O5,oxide binary,not_fixed_benchmark_prompt,not_fixed_benchmark_prompt,oxide_binary,high_k_or_battery,medium,solver_constraint_heavy,Nb2O5,oxide binary,Nb-O polyhedral network,,Nb-O polyhedral network,1,true,true,true,true,true,true,expected_solver_backed_candidate,reports/full_100_seeded_20260626/raw_runs/run_085,Medium mixed-specificity legacy row: preserve original prompt while recording split metadata for grouped reporting.
86,challenge_086,seed20260626_run086_challenge_086_solver,20260626,solver_constraint_heavy,"Generate a layered V2O5 oxide candidate using retrieved vanadium oxide analogues, VO5/VO6 polyhedral sheet priors, and QLIP optimisation. Emit a solver-backed run archive with solver status, objective value, active constraints, and generated CIF.",V2O5,layered,layered family dependent,family_dependent,layered_oxide,battery_cathode,medium,solver_constraint_heavy,V2O5,layered oxide,layered vanadate sheets,,layered vanadate sheets,1,true,true,true,true,true,true,expected_solver_backed_candidate,reports/full_100_seeded_20260626/raw_runs/run_086,Medium mixed-specificity legacy row: preserve original prompt while recording split metadata for grouped reporting.
87,challenge_087,seed20260626_run087_challenge_087_solver,20260626,solver_constraint_heavy,"Generate a layered MoO3 oxide candidate using retrieved molybdenum oxide analogues, MoO6 octahedral layer priors, and novelty checking. Emit a solver-backed run archive with solver status, objective value, active constraints, and generated CIF.",MoO3,layered,layered family dependent,family_dependent,layered_oxide,intercalation_host,medium,solver_constraint_heavy,MoO3,layered oxide,distorted MoO6 layered network,,distorted MoO6 layered network,1,true,true,true,true,true,true,expected_solver_backed_candidate,reports/full_100_seeded_20260626/raw_runs/run_087,Medium mixed-specificity legacy row: preserve original prompt while recording split metadata for grouped reporting.
88,challenge_088,seed20260626_run088_challenge_088_solver,20260626,solver_constraint_heavy,"Generate a WO3 ReO3-like oxide candidate using retrieved tungsten oxide analogues, corner-sharing WO6 octahedral priors, and QLIP optimisation. Emit a solver-backed run archive with solver status, objective value, active constraints, and generated CIF.",WO3,oxide binary,not_fixed_benchmark_prompt,not_fixed_benchmark_prompt,oxide_binary,electrochromic,medium,solver_constraint_heavy,WO3,oxide binary,ReO3-like WO6 framework,,ReO3-like WO6 framework,1,true,true,true,true,true,true,expected_solver_backed_candidate,reports/full_100_seeded_20260626/raw_runs/run_088,Medium mixed-specificity legacy row: preserve original prompt while recording split metadata for grouped reporting.
89,challenge_089,seed20260626_run089_challenge_089_solver,20260626,solver_constraint_heavy,"Generate a ReO3-like oxide candidate using retrieved open-framework oxide analogues, corner-sharing ReO6 octahedral priors, and novelty checking. Emit a solver-backed run archive with solver status, objective value, active constraints, and generated CIF.",ReO3,perovskite,Pm-3m or distorted perovskite subgroup,cubic_or_distorted,oxide_binary,open_framework,medium,solver_constraint_heavy,ReO3,oxide binary,empty-A-site perovskite/ReO3 framework,,empty-A-site perovskite/ReO3 framework,1,true,true,true,true,true,true,expected_solver_backed_candidate,reports/full_100_seeded_20260626/raw_runs/run_089,Medium mixed-specificity legacy row: preserve original prompt while recording split metadata for grouped reporting.
90,challenge_090,seed20260626_run090_challenge_090_solver,20260626,solver_constraint_heavy,"Generate a ReO3-like ScF3 fluoride candidate using retrieved metal-fluoride analogues, corner-sharing ScF6 octahedral priors, and QLIP optimisation. Emit a solver-backed run archive with solver status, objective value, active constraints, and generated CIF.",ScF3,fluoride framework,not_fixed_benchmark_prompt,not_fixed_benchmark_prompt,fluoride_framework,negative_thermal_expansion,medium,solver_constraint_heavy,ScF3,fluoride framework,open framework ScF6 octahedra,,open framework ScF6 octahedra,1,true,true,true,true,true,true,expected_solver_backed_candidate,reports/full_100_seeded_20260626/raw_runs/run_090,Medium mixed-specificity legacy row: preserve original prompt while recording split metadata for grouped reporting.
91,adversarial_001,seed20260626_run091_rocksalt_ab3_two_site_adversarial,20260626,adversarial_or_infeasible,Generate a rocksalt AB3 compound in a two-site primitive rocksalt cell while preserving exact AB3 stoichiometry and full rocksalt two-sublattice occupancy.,AB3,rocksalt,Fm-3m two-site primitive rocksalt cell,cubic,adversarial_rocksalt,impossible_stoichiometry,adversarial,adversarial_or_infeasible,AB3,rocksalt,octahedral two-sublattice coordination,two-site primitive rocksalt topology,AB3 conflicts with two-site rocksalt AB occupancy,1,false,false,false,false,true,true,infeasible_or_invalid,reports/full_100_seeded_20260626/raw_runs/run_091,Conflicting rocksalt stoichiometry/site-count request; should be rejected or marked infeasible.
92,adversarial_002,seed20260626_run092_batio3_subangstrom_ba_o_adversarial,20260626,adversarial_or_infeasible,Generate BaTiO3 perovskite with every Ba-O distance constrained below 1.0 Angstrom and no relaxation beyond that distance bound.,BaTiO3,perovskite,Pm-3m or distorted perovskite subgroup,cubic_or_distorted,adversarial_perovskite,unphysical_distance_constraint,adversarial,adversarial_or_infeasible,BaTiO3,oxide perovskite,Ba-O distances below 1.0 Angstrom,corner-sharing TiO6 network,Ba-O distance bound is chemically invalid,1,false,false,false,false,true,true,infeasible_or_invalid,reports/full_100_seeded_20260626/raw_runs/run_092,Unphysical Ba-O distance constraint; should be rejected or marked infeasible.
93,adversarial_003,seed20260626_run093_nacl2_charge_balanced_rocksalt_adversarial,20260626,adversarial_or_infeasible,Generate NaCl2 as a charge-balanced rocksalt target with only Na+ and Cl- ions and exact rocksalt octahedral coordination.,NaCl2,rocksalt,Fm-3m,cubic,adversarial_halide_rocksalt,charge_balance_conflict,adversarial,adversarial_or_infeasible,NaCl2,rocksalt halide,octahedral Na-Cl coordination,rocksalt two-sublattice topology,NaCl2 conflicts with Na+/Cl- charge balance,1,false,false,false,false,true,true,infeasible_or_invalid,reports/full_100_seeded_20260626/raw_runs/run_093,Charge-balance contradiction; should be rejected or marked infeasible.
94,adversarial_004,seed20260626_run094_spinel_ab2o4_impossible_sites_adversarial,20260626,adversarial_or_infeasible,Generate spinel AB2O4 but place all A and B cations exclusively on the same single tetrahedral site while preserving normal spinel connectivity.,AB2O4,spinel,Fd-3m,cubic,adversarial_spinel,site_allocation_conflict,adversarial,adversarial_or_infeasible,AB2O4,spinel,tetrahedral and octahedral cation sites,spinel oxygen framework,AB2O4 spinel requires distinct cation site allocation,1,false,false,false,false,true,true,infeasible_or_invalid,reports/full_100_seeded_20260626/raw_runs/run_094,Spinel site-allocation contradiction; should be rejected or marked infeasible.
95,adversarial_005,seed20260626_run095_pyrite_fes2_no_s_s_adversarial,20260626,adversarial_or_infeasible,Generate pyrite FeS2 with pyrite stoichiometry and Fe coordination but forbid all S-S contacts or S2 dimers.,FeS2,pyrite,Pa-3,cubic,adversarial_sulfide_pyrite,motif_forbidden_conflict,adversarial,adversarial_or_infeasible,FeS2,pyrite sulfide,Fe-S coordination,pyrite network without S-S dimers,pyrite FeS2 requires S-S dimer motifs,1,false,false,false,false,true,true,infeasible_or_invalid,reports/full_100_seeded_20260626/raw_runs/run_095,Pyrite motif contradiction; should be rejected or marked infeasible.
96,adversarial_006,seed20260626_run096_fluorite_ao3_two_sublattice_adversarial,20260626,adversarial_or_infeasible,Generate a fluorite AO3 structure using the conventional CaF2 fluorite cation/anion sublattices while preserving exact AO3 stoichiometry.,AO3,fluorite,Fm-3m,cubic,adversarial_fluorite,stoichiometry_topology_conflict,adversarial,adversarial_or_infeasible,AO3,fluorite,fluorite cation and anion sublattices,CaF2-like topology,AO3 conflicts with fluorite AO2 sublattice stoichiometry,1,false,false,false,false,true,true,infeasible_or_invalid,reports/full_100_seeded_20260626/raw_runs/run_096,Fluorite stoichiometry contradiction; should be rejected or marked infeasible.
97,adversarial_007,seed20260626_run097_layered_oxide_no_o_contacts_adversarial,20260626,adversarial_or_infeasible,Generate layered LiCoO2 while forbidding every Co-O bond and still require edge-sharing CoO6 octahedral layers.,LiCoO2,layered,R-3m layered analogue,trigonal_or_hexagonal,adversarial_layered_oxide,coordination_forbidden_conflict,adversarial,adversarial_or_infeasible,LiCoO2,layered oxide,CoO6 octahedra but no Co-O bonds,edge-sharing octahedral layers,CoO6 octahedra require Co-O contacts,1,false,false,false,false,true,true,infeasible_or_invalid,reports/full_100_seeded_20260626/raw_runs/run_097,Coordination contradiction; should be rejected or marked infeasible.
98,adversarial_008,seed20260626_run098_nascion_no_polyhedra_adversarial,20260626,adversarial_or_infeasible,"Generate Na3Zr2Si2PO12 NASICON while forbidding all Zr-O, Si-O, and P-O polyhedra and preserving the NASICON framework.",Na3Zr2Si2PO12,NASICON,R-3c or NASICON analogue,rhombohedral_or_monoclinic,adversarial_phosphate_silicate_framework,framework_forbidden_conflict,adversarial,adversarial_or_infeasible,Na3Zr2Si2PO12,NASICON phosphate silicate framework,"Zr-O, Si-O, and P-O polyhedra forbidden",NASICON framework,NASICON framework requires oxide polyhedra,1,false,false,false,false,true,true,infeasible_or_invalid,reports/full_100_seeded_20260626/raw_runs/run_098,Framework motif contradiction; should be rejected or marked infeasible.
99,adversarial_009,seed20260626_run099_zrc_zero_volume_adversarial,20260626,adversarial_or_infeasible,Generate rocksalt ZrC with a positive atom count but exactly zero unit-cell volume and normal Zr-C nearest-neighbor distances.,ZrC,rocksalt carbide,Fm-3m,cubic,adversarial_carbide,geometric_constraint_conflict,adversarial,adversarial_or_infeasible,ZrC,rocksalt carbide,Zr-C nearest-neighbor distances,rocksalt topology,zero cell volume conflicts with finite bond distances,1,false,false,false,false,true,true,infeasible_or_invalid,reports/full_100_seeded_20260626/raw_runs/run_099,Geometric contradiction; should be rejected or marked infeasible.
100,adversarial_010,seed20260626_run100_generic_no_atoms_cif_adversarial,20260626,adversarial_or_infeasible,"Generate a valid crystalline CIF with no atoms, nonzero density, a fully assigned chemical formula, and a solver certificate proving feasibility.",,generic_crystal,not_applicable,not_applicable,adversarial_generic,empty_structure_conflict,adversarial,adversarial_or_infeasible,,valid crystalline CIF,no atoms but nonzero density,not applicable,valid crystal with no atoms and nonzero density is invalid,1,false,false,false,false,true,true,infeasible_or_invalid,reports/full_100_seeded_20260626/raw_runs/run_100,Generic invalid structure request; should be rejected or marked infeasible.
